Timestamp,Machine ID,Machine Type,Operator ID,Operator Experience (yrs),Operator Certification,Hours Into Shift,Task ID,Task Type,Site Zone,Material,Weather,Ground Condition,Shift,Engine Hours,Fuel Used (L),Engine Load (%),Hydraulic Oil Temp (C),Load Cycles,Idling Time (min),Max Tilt (deg),Max Travel Speed (km/h),Harsh Event Count,Seatbelt Status,Proximity Min Distance (m),Proximity Object,Proximity Alert,Scheduled Duration (min),Actual Duration (min),Safety Alert Triggered,Incident Logged,Incident Type,Incident Severity,Anomaly Label
2025-05-01 06:00:00,EXC004,Excavator,OP1006,0,Trainee,0.6,T00010,Grading,Zone C,Rock,Clear,Muddy,Day,1448.1,4.8,62,91.4,10,35,7.1,3.2,0,Fastened,30.7,None,No,101,174,No,No,None,None,None
2025-05-01 06:00:00,EXC005,Excavator,OP1002,1,Certified,1.2,T00013,Trenching,Zone C,Sand,Clear,Dry,Day,1548.7,2.2,53,86.7,5,30,3.0,1.5,1,Fastened,26.0,None,No,81,84,No,No,None,None,None
2025-05-01 06:00:00,LOD002,Loader,OP1003,10,Expert,0.4,T00019,Demolition,Zone D,Gravel,Clear,Wet,Day,1580.2,2.8,53,84.6,12,60,0.6,7.0,0,Fastened,19.3,None,No,120,115,Yes,No,None,None,Excessive Idling
2025-05-01 08:00:00,EXC001,Excavator,OP1007,6,Expert,2.7,T00001,Trenching,Zone D,Sand,Clear,Dry,Day,1529.2,1.7,79,94.3,5,0,8.3,7.5,0,Fastened,33.6,None,No,81,78,No,No,None,None,None
2025-05-01 08:00:00,EXC002,Excavator,OP1001,5,Certified,3.1,T00004,Demolition,Zone D,Rock,Clear,Muddy,Day,1407.1,3.3,61,86.3,8,40,3.7,5.6,0,Fastened,15.8,None,No,162,189,No,No,None,None,None
2025-05-01 08:00:00,EXC004,Excavator,OP1006,0,Trainee,2.2,T00011,Trenching,Zone A,Sand,Clear,Wet,Day,1449.9,3.0,55,87.2,2,50,9.0,4.8,0,Fastened,43.3,None,No,81,103,Yes,Yes,Collision,Low,Excessive Idling
2025-05-01 08:00:00,LOD001,Loader,OP1005,9,Expert,3.2,T00016,Trenching,Zone B,Rock,Clear,Muddy,Day,1536.1,1.8,59,87.1,12,50,9.3,12.7,1,Fastened,41.1,None,No,122,127,Yes,No,None,None,Excessive Idling
2025-05-01 10:00:00,EXC002,Excavator,OP1001,5,Certified,5.4,T00005,Trenching,Zone C,Gravel,Clear,Dry,Day,1408.9,3.0,54,84.3,15,50,8.5,9.7,0,Fastened,10.0,None,No,90,91,Yes,No,None,None,Excessive Idling
2025-05-01 10:00:00,EXC003,Excavator,OP1008,5,Certified,4.8,T00007,Truck Loading,Zone C,Sand,Clear,Wet,Day,1457.3,3.0,55,83.6,12,20,6.1,7.7,0,Fastened,3.0,None,No,40,44,No,No,None,None,None
2025-05-01 10:00:00,LOD002,Loader,OP1003,10,Expert,4.2,T00020,Backfilling,Zone D,Clay,Clear,Wet,Day,1580.8,1.3,56,83.8,10,35,9.4,8.2,0,Fastened,57.5,None,No,69,61,No,No,None,None,None
2025-05-01 12:00:00,LOD001,Loader,OP1005,9,Expert,6.5,T00017,Grading,Zone C,Sand,Clear,Dry,Day,1536.7,1.0,62,91.0,12,20,4.9,11.1,1,Fastened,41.5,None,No,68,57,No,No,None,None,None
2025-05-01 14:00:00,EXC002,Excavator,OP1001,5,Certified,8.8,T00006,Demolition,Zone C,Clay,Clear,Dry,Day,1411.7,4.1,56,87.2,15,45,7.2,7.4,0,Fastened,8.4,None,No,138,137,Yes,No,None,None,Excessive Idling
2025-05-01 14:00:00,LOD001,Loader,OP1005,9,Expert,9.1,T00018,Backfilling,Zone C,Clay,Rain,Wet,Day,1537.8,1.5,48,85.6,15,25,2.7,9.6,2,Fastened,11.3,None,No,69,69,No,No,None,None,None
2025-05-01 14:00:00,LOD003,Loader,OP1004,9,Expert,8.4,T00022,Grading,Zone C,Sand,Clear,Muddy,Day,1419.2,2.0,61,87.8,2,15,6.7,6.9,1,Fastened,46.4,None,No,68,66,No,No,None,None,None
2025-05-01 16:00:00,EXC005,Excavator,OP1002,1,Certified,10.0,T00014,Grading,Zone D,Sand,Clear,Dry,Day,1551.5,4.5,71,93.3,1,50,2.9,8.9,1,Unfastened,48.0,None,No,68,61,Yes,No,None,None,Excessive Idling
2025-05-01 16:00:00,LOD003,Loader,OP1004,9,Expert,10.0,T00023,Demolition,Zone D,Rock,Clear,Dry,Day,1421.0,2.6,33,80.2,12,55,7.4,8.4,1,Fastened,20.8,None,No,162,150,Yes,No,None,None,Excessive Idling
2025-05-01 18:00:00,EXC001,Excavator,OP1007,6,Expert,0.9,T00002,Demolition,Zone A,Sand,Clear,Dry,Night,1532.3,3.9,65,90.3,1,10,6.4,6.6,1,Unfastened,23.5,None,No,108,100,Yes,No,None,None,None
2025-05-01 18:00:00,EXC004,Excavator,OP1006,0,Trainee,1.0,T00012,Trenching,Zone D,Clay,Rain,Dry,Night,1451.8,2.7,64,86.6,8,25,7.1,7.3,1,Fastened,35.4,None,No,103,148,No,No,None,None,None
2025-05-01 18:00:00,LOD002,Loader,OP1003,10,Expert,0.1,T00021,Trenching,Zone B,Rock,Fog,Wet,Night,1582.0,2.5,71,92.6,10,60,2.4,9.8,0,Fastened,17.4,None,No,122,153,Yes,Yes,Near Miss,Medium,Excessive Idling
2025-05-01 20:00:00,EXC003,Excavator,OP1008,5,Certified,2.5,T00008,Grading,Zone B,Rock,Clear,Wet,Night,1459.3,2.3,40,79.6,10,10,5.5,6.1,1,Fastened,23.8,None,No,101,140,No,No,None,None,None
2025-05-01 20:00:00,LOD003,Loader,OP1004,9,Expert,2.6,T00024,Backfilling,Zone A,Sand,Dust,Dry,Night,1422.0,1.4,61,86.9,1,20,3.6,5.4,1,Fastened,34.3,None,No,54,60,No,No,None,None,None
2025-05-01 22:00:00,EXC001,Excavator,OP1007,6,Expert,5.1,T00003,Backfilling,Zone B,Gravel,Rain,Wet,Night,1533.3,1.1,50,83.3,5,0,7.2,9.9,0,Fastened,33.0,None,No,60,79,No,No,None,None,None
2025-05-01 22:00:00,EXC003,Excavator,OP1008,5,Certified,4.1,T00009,Trenching,Zone B,Sand,Clear,Dry,Night,1461.1,2.4,69,92.9,5,10,3.5,18.8,2,Unfastened,30.7,None,No,81,91,Yes,Yes,Collision,Low,Overspeed
2025-05-01 22:00:00,EXC005,Excavator,OP1002,1,Certified,5.3,T00015,Truck Loading,Zone C,Clay,Fog,Muddy,Night,1552.6,1.6,82,97.5,10,5,2.4,8.5,0,Fastened,33.5,None,No,52,76,No,No,None,None,None
2025-05-02 06:00:00,EXC001,Excavator,OP1002,1,Certified,0.3,T00025,Truck Loading,Zone B,Sand,Clear,Dry,Day,1533.9,0.8,41,85.1,8,10,8.0,8.3,0,Fastened,33.5,None,No,40,46,No,No,None,None,None
2025-05-02 06:00:00,EXC002,Excavator,OP1004,9,Expert,0.7,T00028,Backfilling,Zone C,Sand,Fog,Dry,Day,1413.2,2.2,91,95.8,10,10,5.5,3.0,1,Fastened,30.0,None,No,54,54,No,No,None,None,None
2025-05-02 06:00:00,EXC003,Excavator,OP1001,5,Certified,1.4,T00031,Trenching,Zone D,Rock,Clear,Wet,Day,1463.0,2.5,39,79.4,2,25,14.0,3.8,0,Fastened,27.6,None,No,122,122,No,No,None,None,None
2025-05-02 06:00:00,EXC005,Excavator,OP1006,0,Trainee,0.3,T00037,Trenching,Zone A,Rock,Rain,Dry,Day,1555.6,3.8,40,81.8,5,35,6.7,9.2,1,Fastened,9.1,None,No,122,190,No,No,None,None,None
2025-05-02 08:00:00,EXC001,Excavator,OP1002,1,Certified,3.4,T00026,Truck Loading,Zone B,Clay,Clear,Wet,Day,1535.5,2.2,81,93.4,10,5,4.5,5.6,1,Fastened,29.7,None,No,52,63,No,No,None,None,None
2025-05-02 08:00:00,LOD002,Loader,OP1007,6,Expert,2.6,T00043,Grading,Zone A,Gravel,Dust,Wet,Day,1583.6,2.2,55,87.1,10,35,4.0,10.0,0,Fastened,21.8,None,No,75,75,No,No,None,None,None
2025-05-02 08:00:00,LOD003,Loader,OP1003,10,Expert,2.4,T00046,Demolition,Zone B,Gravel,Rain,Wet,Day,1422.6,1.4,58,84.6,10,45,5.6,9.6,1,Fastened,22.9,None,No,120,131,Yes,No,None,None,Excessive Idling
2025-05-02 10:00:00,EXC003,Excavator,OP1001,5,Certified,5.3,T00032,Grading,Zone A,Clay,Dust,Dry,Day,1466.5,4.1,58,84.4,10,5,6.1,5.9,0,Fastened,42.5,None,No,86,90,No,No,None,None,None
2025-05-02 10:00:00,LOD001,Loader,OP1008,5,Certified,5.0,T00040,Backfilling,Zone C,Gravel,Rain,Dry,Day,1538.8,1.4,19,76.5,5,35,3.4,4.3,1,Fastened,41.4,None,No,60,63,No,No,None,None,None
2025-05-02 12:00:00,EXC004,Excavator,OP1005,9,Expert,6.1,T00034,Backfilling,Zone C,Gravel,Clear,Dry,Day,1452.4,1.4,80,95.9,12,30,5.7,8.2,0,Fastened,17.4,None,No,60,54,No,No,None,None,None
2025-05-02 16:00:00,EXC002,Excavator,OP1004,9,Expert,10.1,T00029,Truck Loading,Zone C,Gravel,Clear,Dry,Day,1414.4,1.6,52,85.1,10,15,2.7,8.5,1,Fastened,7.1,None,No,45,38,No,No,None,None,None
2025-05-02 16:00:00,LOD003,Loader,OP1003,10,Expert,11.0,T00047,Demolition,Zone D,Sand,Rain,Wet,Day,1424.7,2.4,51,85.0,15,25,3.0,2.5,2,Unfastened,39.0,None,No,108,122,Yes,Yes,Collision,Low,None
2025-05-02 18:00:00,EXC002,Excavator,OP1004,9,Expert,0.7,T00030,Demolition,Zone A,Gravel,Fog,Dry,Night,1416.2,2.8,58,85.7,5,35,5.7,12.0,0,Fastened,1.0,Vehicle,Yes,120,119,Yes,No,None,None,None
2025-05-02 18:00:00,EXC005,Excavator,OP1006,0,Trainee,1.2,T00038,Grading,Zone A,Gravel,Clear,Dry,Night,1558.7,4.1,66,88.9,15,20,8.0,4.8,0,Fastened,25.3,None,No,75,106,No,No,None,None,None
2025-05-02 18:00:00,LOD001,Loader,OP1008,5,Certified,0.3,T00041,Trenching,Zone D,Clay,Clear,Dry,Night,1539.6,0.7,45,82.0,5,0,7.5,7.2,0,Fastened,14.2,None,No,103,105,No,No,None,None,None
2025-05-02 20:00:00,EXC004,Excavator,OP1005,9,Expert,2.7,T00035,Trenching,Zone C,Rock,Clear,Dry,Night,1455.3,3.2,33,79.3,2,15,5.1,9.3,1,Fastened,28.0,None,No,122,107,No,No,None,None,None
2025-05-02 20:00:00,LOD001,Loader,OP1008,5,Certified,2.7,T00042,Truck Loading,Zone C,Rock,Clear,Wet,Night,1541.4,1.8,49,87.4,8,10,4.7,5.7,2,Fastened,11.3,None,No,61,84,No,No,None,None,None
2025-05-02 20:00:00,LOD002,Loader,OP1007,6,Expert,2.9,T00044,Truck Loading,Zone A,Clay,Clear,Dry,Night,1586.1,2.3,48,82.5,10,0,9.8,0.2,0,Unfastened,30.0,None,No,52,51,Yes,Yes,Collision,High,None
2025-05-02 22:00:00,EXC001,Excavator,OP1002,1,Certified,5.4,T00027,Backfilling,Zone D,Sand,Clear,Dry,Night,1537.9,3.9,58,89.4,10,55,1.7,7.0,1,Fastened,16.6,None,No,54,64,Yes,No,None,None,Excessive Idling
2025-05-02 22:00:00,EXC003,Excavator,OP1001,5,Certified,5.0,T00033,Demolition,Zone D,Sand,Clear,Dry,Night,1469.8,4.3,80,94.6,5,5,6.9,10.8,0,Fastened,14.8,None,No,108,113,No,No,None,None,None
2025-05-02 22:00:00,EXC004,Excavator,OP1005,9,Expert,5.2,T00036,Demolition,Zone D,Rock,Clear,Dry,Night,1455.8,1.0,66,87.6,8,20,5.8,19.4,1,Fastened,11.6,None,No,162,163,No,No,None,None,Overspeed
2025-05-02 22:00:00,EXC005,Excavator,OP1006,0,Trainee,4.4,T00039,Trenching,Zone D,Gravel,Rain,Wet,Night,1561.5,4.4,72,88.8,10,45,4.6,2.9,0,Fastened,19.2,None,No,90,152,Yes,No,None,None,Excessive Idling
2025-05-02 22:00:00,LOD002,Loader,OP1007,6,Expert,5.3,T00045,Backfilling,Zone B,Clay,Fog,Dry,Night,1587.9,2.1,66,87.3,10,15,1.8,7.9,1,Fastened,9.9,None,No,69,74,No,No,None,None,None
2025-05-02 22:00:00,LOD003,Loader,OP1003,10,Expert,5.3,T00048,Truck Loading,Zone A,Clay,Fog,Dry,Night,1426.6,2.0,56,85.1,10,15,3.0,7.2,1,Fastened,31.0,None,No,52,48,No,No,None,None,None
2025-05-03 06:00:00,EXC001,Excavator,OP1003,10,Expert,1.2,T00049,Trenching,Zone C,Sand,Clear,Wet,Day,1540.2,3.3,58,85.1,10,35,1.5,8.8,0,Unfastened,31.8,None,No,81,78,Yes,No,None,None,None
2025-05-03 06:00:00,EXC005,Excavator,OP1001,5,Certified,0.5,T00061,Backfilling,Zone C,Gravel,Rain,Wet,Day,1563.7,2.7,48,83.5,12,15,4.2,7.0,0,Unfastened,19.3,None,No,60,86,Yes,No,None,None,None
2025-05-03 06:00:00,LOD002,Loader,OP1004,9,Expert,0.8,T00067,Truck Loading,Zone D,Gravel,Clear,Dry,Day,1589.1,1.7,41,85.0,2,35,4.6,21.1,1,Fastened,35.3,None,No,45,40,No,No,None,None,Overspeed
2025-05-03 08:00:00,EXC003,Excavator,OP1008,5,Certified,2.2,T00055,Demolition,Zone C,Rock,Clear,Dry,Day,1472.3,3.1,57,85.6,0,10,6.6,13.0,1,Fastened,42.5,None,No,162,170,No,No,None,None,None
2025-05-03 10:00:00,EXC002,Excavator,OP1005,9,Expert,4.1,T00052,Demolition,Zone A,Gravel,Clear,Muddy,Day,1419.6,5.1,67,91.0,8,50,5.8,6.3,0,Fastened,21.7,None,No,120,145,Yes,No,None,None,Excessive Idling
2025-05-03 10:00:00,EXC004,Excavator,OP1002,1,Certified,4.2,T00058,Trenching,Zone D,Sand,Clear,Dry,Day,1458.6,3.7,28,77.3,10,50,0,6.7,1,Fastened,48.0,None,No,81,85,Yes,No,None,None,Excessive Idling
2025-05-03 12:00:00,EXC003,Excavator,OP1008,5,Certified,7.3,T00056,Trenching,Zone A,Rock,Clear,Dry,Day,1475.2,3.4,37,79.8,5,20,7.4,9.8,0,Fastened,41.7,None,No,122,112,No,No,None,None,None
2025-05-03 12:00:00,EXC004,Excavator,OP1002,1,Certified,6.5,T00059,Backfilling,Zone A,Rock,Clear,Wet,Day,1459.3,1.8,42,82.4,12,50,2.6,9.7,0,Fastened,39.5,None,No,81,82,Yes,No,None,None,Excessive Idling
2025-05-03 12:00:00,LOD001,Loader,OP1006,0,Trainee,7.4,T00064,Backfilling,Zone D,Gravel,Clear,Dry,Day,1544.9,3.9,58,87.3,2,30,4.3,12.3,0,Fastened,5.9,None,No,60,68,No,No,None,None,None
2025-05-03 14:00:00,EXC002,Excavator,OP1005,9,Expert,8.2,T00053,Truck Loading,Zone A,Rock,Rain,Wet,Day,1420.9,1.7,58,88.5,0,10,0,10.7,1,Fastened,35.0,None,No,61,70,No,No,None,None,None
2025-05-03 14:00:00,EXC004,Excavator,OP1002,1,Certified,8.7,T00060,Trenching,Zone A,Rock,Fog,Wet,Day,1460.3,1.8,78,96.3,1,30,6.1,5.8,0,Fastened,46.7,None,No,122,161,No,No,None,None,None
2025-05-03 16:00:00,EXC001,Excavator,OP1003,10,Expert,10.1,T00050,Backfilling,Zone A,Rock,Clear,Muddy,Day,1542.1,3.2,66,90.6,1,45,6.0,3.6,3,Fastened,36.7,None,No,81,79,Yes,Yes,Tip-over Risk,Low,Excessive Idling
2025-05-03 16:00:00,EXC002,Excavator,OP1005,9,Expert,10.8,T00054,Backfilling,Zone B,Gravel,Clear,Wet,Day,1422.5,1.9,63,91.6,10,0,5.6,7.4,2,Fastened,17.1,None,No,60,61,No,No,None,None,None
2025-05-03 16:00:00,EXC003,Excavator,OP1008,5,Certified,10.7,T00057,Backfilling,Zone A,Rock,Clear,Dry,Day,1476.0,1.0,48,84.5,5,5,4.9,5.2,2,Fastened,14.9,None,No,81,80,No,No,None,None,None
2025-05-03 16:00:00,EXC005,Excavator,OP1001,5,Certified,11.2,T00062,Demolition,Zone D,Clay,Clear,Dry,Day,1566.2,3.2,56,89.8,15,15,3.1,6.5,2,Fastened,44.6,None,No,138,135,No,No,None,None,None
2025-05-03 16:00:00,LOD001,Loader,OP1006,0,Trainee,10.7,T00065,Backfilling,Zone B,Clay,Fog,Muddy,Day,1546.9,2.1,45,81.0,8,15,7.1,7.4,1,Fastened,9.6,None,No,69,123,No,No,None,None,None
2025-05-03 16:00:00,LOD002,Loader,OP1004,9,Expert,10.4,T00068,Trenching,Zone B,Gravel,Rain,Wet,Day,1589.6,0.9,73,93.8,10,15,6.0,8.6,0,Fastened,48.9,None,No,90,106,No,No,None,None,None
2025-05-03 16:00:00,LOD003,Loader,OP1007,6,Expert,10.7,T00070,Grading,Zone D,Sand,Rain,Dry,Day,1430.0,2.9,41,85.3,5,0,6.5,7.6,1,Fastened,27.3,None,No,68,73,No,No,None,None,None
2025-05-03 18:00:00,EXC001,Excavator,OP1003,10,Expert,1.0,T00051,Demolition,Zone D,Sand,Clear,Dry,Night,1543.9,2.8,68,91.4,8,30,6.8,11.9,2,Fastened,3.9,None,No,108,101,No,No,None,None,None
2025-05-03 18:00:00,LOD003,Loader,OP1007,6,Expert,0.2,T00071,Backfilling,Zone C,Clay,Rain,Dry,Night,1431.8,1.6,48,84.5,12,0,2.3,8.4,1,Fastened,16.1,None,No,69,80,No,No,None,None,None
2025-05-03 20:00:00,LOD001,Loader,OP1006,0,Trainee,3.4,T00066,Truck Loading,Zone D,Rock,Rain,Muddy,Night,1548.8,2.1,74,91.7,5,5,3.5,8.1,1,Fastened,22.6,None,No,61,106,No,No,None,None,None
2025-05-03 20:00:00,LOD002,Loader,OP1004,9,Expert,3.2,T00069,Grading,Zone A,Sand,Fog,Muddy,Night,1591.5,2.1,62,85.8,5,15,1.9,6.7,2,Fastened,10.3,None,No,68,83,No,No,None,None,None
2025-05-03 22:00:00,EXC005,Excavator,OP1001,5,Certified,5.0,T00063,Demolition,Zone D,Sand,Clear,Dry,Night,1569.3,4.5,54,85.4,10,50,4.1,12.0,0,Fastened,8.9,None,No,108,130,Yes,Yes,Collision,High,Excessive Idling
2025-05-03 22:00:00,LOD003,Loader,OP1007,6,Expert,4.4,T00072,Grading,Zone A,Rock,Rain,Wet,Night,1434.2,2.8,39,81.1,8,40,3.3,8.0,1,Fastened,14.3,None,No,101,139,No,No,None,None,None
2025-05-04 06:00:00,EXC003,Excavator,OP1003,10,Expert,0.4,T00079,Backfilling,Zone A,Gravel,Fog,Dry,Day,1478.3,3.5,45,83.9,10,55,7.3,6.9,0,Fastened,17.5,None,No,60,60,Yes,No,None,None,Excessive Idling
2025-05-04 06:00:00,EXC004,Excavator,OP1004,9,Expert,0.7,T00082,Demolition,Zone B,Rock,Fog,Dry,Day,1462.4,2.2,40,81.5,10,5,6.1,3.9,0,Fastened,43.9,None,No,162,151,No,No,None,None,None
2025-05-04 06:00:00,LOD001,Loader,OP1006,0,Trainee,1.1,T00088,Demolition,Zone B,Sand,Rain,Wet,Day,1551.7,2.9,50,87.9,8,15,5.8,8.3,0,Fastened,16.8,None,No,108,164,No,No,None,None,None
2025-05-04 06:00:00,LOD003,Loader,OP1001,5,Certified,0.1,T00094,Backfilling,Zone B,Clay,Rain,Dry,Day,1436.5,3.3,72,90.3,5,50,6.2,7.7,0,Fastened,19.9,None,No,69,76,Yes,No,None,None,Excessive Idling
2025-05-04 08:00:00,EXC001,Excavator,OP1005,9,Expert,3.3,T00073,Backfilling,Zone C,Clay,Rain,Wet,Day,1545.8,2.5,68,91.6,5,10,8.9,6.6,1,Fastened,15.0,None,No,69,77,No,No,None,None,None
2025-05-04 08:00:00,EXC002,Excavator,OP1007,6,Expert,3.4,T00076,Demolition,Zone A,Gravel,Fog,Dry,Day,1423.5,1.5,40,84.5,10,25,0.8,3.8,1,Unfastened,29.5,None,No,120,98,Yes,No,None,None,None
2025-05-04 08:00:00,LOD002,Loader,OP1008,5,Certified,2.3,T00091,Trenching,Zone A,Rock,Clear,Dry,Day,1593.7,2.6,63,88.3,1,20,0.5,7.9,0,Fastened,4.8,None,No,122,123,No,No,None,None,None
2025-05-04 08:00:00,LOD003,Loader,OP1001,5,Certified,2.2,T00095,Truck Loading,Zone C,Rock,Clear,Dry,Day,1438.3,1.7,47,81.4,10,5,1.6,6.2,0,Fastened,15.1,None,No,61,64,No,No,None,None,None
2025-05-04 10:00:00,EXC002,Excavator,OP1007,6,Expert,4.4,T00077,Trenching,Zone D,Sand,Clear,Dry,Day,1424.2,1.7,36,82.9,2,50,13.1,8.2,0,Fastened,8.2,None,No,81,68,Yes,No,None,None,Excessive Idling
2025-05-04 10:00:00,LOD001,Loader,OP1006,0,Trainee,4.9,T00089,Grading,Zone B,Gravel,Clear,Dry,Day,1553.9,2.8,73,90.8,8,25,2.1,10.2,0,Fastened,8.9,None,No,75,88,No,No,None,None,None
2025-05-04 12:00:00,EXC001,Excavator,OP1005,9,Expert,6.5,T00074,Backfilling,Zone A,Sand,Clear,Dry,Day,1548.0,2.6,38,79.2,8,15,7.1,11.0,1,Fastened,49.9,None,No,54,50,No,No,None,None,None
2025-05-04 12:00:00,EXC004,Excavator,OP1004,9,Expert,6.8,T00083,Backfilling,Zone C,Rock,Dust,Dry,Day,1464.6,3.4,70,92.8,8,35,1.6,0.5,1,Fastened,56.5,None,No,81,78,No,No,None,None,None
2025-05-04 12:00:00,LOD003,Loader,OP1001,5,Certified,6.3,T00096,Truck Loading,Zone C,Sand,Fog,Dry,Day,1440.4,2.1,39,81.0,1,15,6.8,7.4,1,Fastened,19.6,None,No,40,43,No,No,None,None,None
2025-05-04 14:00:00,EXC002,Excavator,OP1007,6,Expert,8.2,T00078,Backfilling,Zone B,Rock,Dust,Muddy,Day,1424.9,1.5,58,93.4,15,35,6.6,10.6,0,Fastened,28.0,None,No,81,104,No,No,None,None,None
2025-05-04 14:00:00,EXC004,Excavator,OP1004,9,Expert,9.2,T00084,Backfilling,Zone D,Gravel,Clear,Muddy,Day,1466.4,2.1,48,87.3,5,5,2.4,13.2,0,Fastened,43.1,None,No,60,70,No,No,None,None,None
2025-05-04 14:00:00,EXC005,Excavator,OP1002,1,Certified,8.7,T00085,Demolition,Zone C,Gravel,Clear,Wet,Day,1570.4,1.8,34,77.5,5,35,4.2,7.7,0,Fastened,33.5,None,No,120,138,No,No,None,None,None
2025-05-04 14:00:00,LOD001,Loader,OP1006,0,Trainee,9.1,T00090,Backfilling,Zone B,Rock,Fog,Wet,Day,1556.2,2.5,41,84.8,12,25,4.5,11.1,0,Fastened,10.7,None,No,81,118,No,No,None,None,None
2025-05-04 16:00:00,EXC003,Excavator,OP1003,10,Expert,11.0,T00080,Trenching,Zone C,Rock,Fog,Dry,Day,1479.2,1.3,37,78.4,12,20,4.8,6.3,1,Fastened,31.4,None,No,122,123,No,No,None,None,None
2025-05-04 16:00:00,EXC005,Excavator,OP1002,1,Certified,10.6,T00086,Backfilling,Zone B,Rock,Fog,Dry,Day,1572.2,2.8,49,86.1,1,40,3.2,14.6,1,Fastened,56.1,None,No,81,83,No,No,None,None,None
2025-05-04 16:00:00,LOD002,Loader,OP1008,5,Certified,11.4,T00092,Backfilling,Zone C,Clay,Clear,Wet,Day,1594.4,1.1,14,73.5,15,30,9.5,10.4,0,Fastened,32.8,None,No,69,83,No,No,None,None,None
2025-05-04 20:00:00,EXC001,Excavator,OP1005,9,Expert,2.9,T00075,Truck Loading,Zone A,Rock,Fog,Dry,Night,1550.8,4.4,61,88.4,2,55,12.2,9.7,1,Fastened,22.7,None,No,61,59,Yes,No,None,None,Excessive Idling
2025-05-04 20:00:00,EXC003,Excavator,OP1003,10,Expert,2.9,T00081,Demolition,Zone C,Gravel,Clear,Dry,Night,1480.2,1.9,68,88.1,10,35,5.3,5.7,2,Fastened,21.7,None,No,120,117,No,No,None,None,None
2025-05-04 20:00:00,EXC005,Excavator,OP1002,1,Certified,3.3,T00087,Truck Loading,Zone A,Gravel,Clear,Dry,Night,1575.1,3.8,74,92.2,15,10,4.7,10.0,0,Fastened,6.4,None,No,45,47,No,No,None,None,None
2025-05-04 20:00:00,LOD002,Loader,OP1008,5,Certified,2.5,T00093,Demolition,Zone B,Rock,Rain,Dry,Night,1595.4,1.1,46,84.0,0,10,1.7,8.0,1,Unfastened,26.3,None,No,162,188,Yes,Yes,Tip-over Risk,Low,None
2025-05-05 06:00:00,EXC003,Excavator,OP1004,9,Expert,1.4,T00103,Truck Loading,Zone D,Sand,Dust,Dry,Day,1481.6,2.5,47,83.4,10,45,1.6,9.2,0,Fastened,12.8,None,No,40,39,Yes,Yes,Near Miss,Medium,Excessive Idling
2025-05-05 06:00:00,EXC004,Excavator,OP1005,9,Expert,0.6,T00106,Demolition,Zone B,Sand,Rain,Dry,Day,1469.2,3.4,61,87.1,5,5,7.1,3.4,2,Fastened,37.4,None,No,108,102,No,No,None,None,None
2025-05-05 06:00:00,LOD003,Loader,OP1002,1,Certified,1.3,T00118,Truck Loading,Zone B,Sand,Rain,Wet,Day,1441.3,1.2,45,83.0,10,20,3.9,3.9,0,Fastened,10.4,None,No,40,56,No,No,None,None,None
2025-05-05 08:00:00,EXC002,Excavator,OP1003,10,Expert,2.2,T00100,Backfilling,Zone A,Gravel,Rain,Wet,Day,1426.1,2.2,74,93.3,8,35,5.2,20.7,6,Fastened,56.4,None,No,60,68,No,No,None,None,Overspeed
2025-05-05 08:00:00,EXC003,Excavator,OP1004,9,Expert,2.5,T00104,Demolition,Zone C,Rock,Clear,Dry,Day,1483.4,2.5,70,92.1,8,15,3.8,11.6,1,Fastened,5.8,None,No,162,158,No,No,None,None,None
2025-05-05 08:00:00,EXC005,Excavator,OP1008,5,Certified,3.0,T00109,Truck Loading,Zone D,Rock,Clear,Muddy,Day,1576.3,2.1,75,92.8,8,25,2.8,4.0,2,Fastened,3.6,None,No,61,77,No,No,None,None,None
2025-05-05 08:00:00,LOD001,Loader,OP1006,0,Trainee,2.4,T00112,Truck Loading,Zone D,Gravel,Dust,Dry,Day,1557.2,1.5,52,86.3,2,30,5.3,5.5,0,Fastened,27.2,None,No,45,59,No,No,None,None,None
2025-05-05 10:00:00,EXC004,Excavator,OP1005,9,Expert,4.2,T00107,Backfilling,Zone D,Gravel,Fog,Dry,Day,1469.7,1.6,63,87.8,12,50,4.7,8.8,1,Unfastened,18.2,None,No,60,53,Yes,No,None,None,Excessive Idling
2025-05-05 10:00:00,LOD001,Loader,OP1006,0,Trainee,4.1,T00113,Demolition,Zone C,Sand,Clear,Dry,Day,1558.0,1.2,42,83.3,12,25,1.9,4.7,2,Fastened,42.7,None,No,108,125,No,No,None,None,None
2025-05-05 10:00:00,LOD002,Loader,OP1007,6,Expert,4.7,T00115,Grading,Zone D,Clay,Clear,Wet,Day,1596.1,1.0,49,86.7,8,20,2.1,8.7,1,Fastened,17.2,None,No,86,92,No,No,None,None,None
2025-05-05 10:00:00,LOD003,Loader,OP1002,1,Certified,4.6,T00119,Grading,Zone A,Clay,Rain,Dry,Day,1444.7,2.9,45,83.1,8,0,4.5,7.3,2,Fastened,34.4,None,No,86,106,No,No,None,None,None
2025-05-05 12:00:00,EXC001,Excavator,OP1001,5,Certified,7.4,T00097,Trenching,Zone B,Sand,Dust,Dry,Day,1552.2,1.7,47,86.6,8,10,3.8,8.5,0,Fastened,16.4,None,No,81,102,No,No,None,None,None
2025-05-05 12:00:00,EXC002,Excavator,OP1003,10,Expert,6.3,T00101,Demolition,Zone B,Sand,Clear,Dry,Day,1429.4,4.1,44,87.6,5,30,7.2,8.7,2,Fastened,51.6,None,No,108,101,No,No,None,None,None
2025-05-05 14:00:00,EXC003,Excavator,OP1004,9,Expert,9.1,T00105,Backfilling,Zone C,Gravel,Clear,Dry,Day,1485.8,3.0,62,88.3,8,10,6.4,7.4,1,Fastened,36.3,None,No,60,50,No,No,None,None,None
2025-05-05 16:00:00,EXC002,Excavator,OP1003,10,Expert,10.1,T00102,Demolition,Zone A,Rock,Rain,Wet,Day,1431.0,2.5,35,87.3,12,45,12.2,9.9,0,Fastened,34.4,None,No,162,160,Yes,Yes,Near Miss,Medium,Excessive Idling
2025-05-05 16:00:00,LOD001,Loader,OP1006,0,Trainee,10.9,T00114,Truck Loading,Zone A,Gravel,Clear,Dry,Day,1558.8,0.9,39,81.2,2,15,2.8,1.5,0,Fastened,6.5,None,No,45,54,No,No,None,None,None
2025-05-05 16:00:00,LOD002,Loader,OP1007,6,Expert,10.3,T00116,Backfilling,Zone A,Clay,Clear,Dry,Day,1598.0,2.5,56,85.1,8,40,1.8,7.6,0,Unfastened,2.9,Vehicle,Yes,69,67,Yes,Yes,Near Miss,Low,None
2025-05-05 18:00:00,EXC001,Excavator,OP1001,5,Certified,0.7,T00098,Backfilling,Zone B,Gravel,Clear,Dry,Night,1553.0,1.0,53,86.4,5,5,12.0,9.5,1,Fastened,18.3,None,No,60,70,No,No,None,None,None
2025-05-05 18:00:00,EXC004,Excavator,OP1005,9,Expert,0.7,T00108,Truck Loading,Zone D,Gravel,Clear,Wet,Night,1471.9,2.8,64,90.8,15,5,22.3,9.9,3,Fastened,30.6,None,No,45,47,No,No,None,None,Unsafe Tilt
2025-05-05 18:00:00,EXC005,Excavator,OP1008,5,Certified,1.0,T00110,Demolition,Zone D,Clay,Dust,Dry,Night,1577.9,1.8,59,88.0,2,0,9.9,8.5,1,Fastened,25.0,None,No,138,187,No,No,None,None,None
2025-05-05 18:00:00,LOD002,Loader,OP1007,6,Expert,1.2,T00117,Demolition,Zone D,Gravel,Clear,Dry,Night,1599.2,1.1,48,84.6,5,0,7.0,7.3,0,Unfastened,35.5,None,No,120,109,Yes,No,None,None,None
2025-05-05 18:00:00,LOD003,Loader,OP1002,1,Certified,0.5,T00120,Trenching,Zone A,Clay,Rain,Wet,Night,1447.2,1.8,10,72.6,15,5,7.5,13.2,0,Unfastened,31.6,None,No,103,133,Yes,Yes,Collision,Low,None
2025-05-05 20:00:00,EXC001,Excavator,OP1001,5,Certified,3.0,T00099,Backfilling,Zone D,Rock,Clear,Wet,Night,1554.3,2.0,71,92.2,10,20,3.1,13.7,1,Fastened,27.7,None,No,81,94,No,No,None,None,None
2025-05-05 20:00:00,EXC005,Excavator,OP1008,5,Certified,3.5,T00111,Grading,Zone A,Rock,Clear,Muddy,Night,1579.7,2.5,60,87.9,5,20,8.3,7.1,0,Fastened,4.7,None,No,101,133,No,No,None,None,None
2025-05-06 06:00:00,EXC001,Excavator,OP1003,10,Expert,0.1,T00121,Demolition,Zone A,Rock,Clear,Dry,Day,1556.6,3.4,44,80.7,12,50,5.3,10.3,1,Fastened,49.0,None,No,162,128,Yes,No,None,None,Excessive Idling
2025-05-06 06:00:00,EXC005,Excavator,OP1002,1,Certified,0.7,T00133,Truck Loading,Zone A,Clay,Clear,Wet,Day,1582.6,3.3,41,79.8,2,15,0,9.0,0,Fastened,23.5,None,No,52,54,No,No,None,None,None
2025-05-06 06:00:00,LOD001,Loader,OP1006,0,Trainee,0.9,T00136,Grading,Zone D,Clay,Clear,Wet,Day,1559.4,0.5,48,86.3,15,0,3.0,17.4,3,Fastened,50.5,None,No,86,131,No,No,None,None,Overspeed
2025-05-06 08:00:00,EXC003,Excavator,OP1004,9,Expert,2.8,T00127,Demolition,Zone C,Sand,Clear,Wet,Day,1486.5,0.9,55,88.7,10,5,15.5,3.6,3,Fastened,54.9,None,No,108,113,No,No,None,None,Unsafe Tilt
2025-05-06 08:00:00,EXC004,Excavator,OP1008,5,Certified,2.8,T00130,Backfilling,Zone B,Clay,Rain,Dry,Day,1473.1,1.8,51,88.1,12,25,2.2,9.3,1,Fastened,34.5,None,No,69,90,No,No,None,None,None
2025-05-06 08:00:00,LOD003,Loader,OP1005,9,Expert,2.3,T00142,Trenching,Zone C,Clay,Clear,Wet,Day,1448.8,2.7,71,89.2,0,55,10.4,8.5,1,Fastened,44.1,None,No,103,99,Yes,Yes,Collision,Low,Excessive Idling
2025-05-06 10:00:00,EXC002,Excavator,OP1001,5,Certified,5.3,T00124,Demolition,Zone D,Sand,Dust,Wet,Day,1432.8,2.3,60,94.7,1,10,5.3,5.6,0,Fastened,5.9,None,No,108,118,No,No,None,None,None
2025-05-06 10:00:00,LOD001,Loader,OP1006,0,Trainee,5.3,T00137,Demolition,Zone C,Gravel,Dust,Dry,Day,1560.4,1.4,46,86.7,15,25,4.3,5.4,1,Fastened,14.7,None,No,120,170,No,No,None,None,None
2025-05-06 10:00:00,LOD002,Loader,OP1007,6,Expert,4.2,T00139,Backfilling,Zone C,Rock,Clear,Muddy,Day,1600.2,1.7,58,85.5,15,40,8.9,7.4,0,Unfastened,57.0,None,No,81,92,Yes,Yes,Tip-over Risk,Low,None
2025-05-06 10:00:00,LOD003,Loader,OP1005,9,Expert,4.1,T00143,Demolition,Zone B,Rock,Clear,Dry,Day,1450.5,2.1,48,82.6,12,30,5.2,11.4,0,Fastened,28.8,None,No,162,127,No,No,None,None,None
2025-05-06 12:00:00,EXC001,Excavator,OP1003,10,Expert,7.0,T00122,Trenching,Zone B,Clay,Clear,Wet,Day,1559.1,3.3,43,80.4,2,30,0,8.1,0,Unfastened,19.6,None,No,103,102,Yes,Yes,Collision,Medium,None
2025-05-06 12:00:00,EXC003,Excavator,OP1004,9,Expert,7.1,T00128,Grading,Zone D,Sand,Dust,Dry,Day,1488.3,2.1,53,84.2,10,5,4.1,10.9,1,Unfastened,46.6,None,No,68,70,Yes,No,None,None,None
2025-05-06 12:00:00,EXC005,Excavator,OP1002,1,Certified,6.1,T00134,Grading,Zone A,Clay,Dust,Dry,Day,1585.6,3.8,40,81.6,8,35,5.1,10.0,0,Fastened,37.2,None,No,86,107,No,No,None,None,None
2025-05-06 14:00:00,EXC004,Excavator,OP1008,5,Certified,9.4,T00131,Grading,Zone D,Gravel,Rain,Wet,Day,1474.3,1.4,63,89.4,5,0,10.0,9.7,1,Fastened,57.9,None,No,75,93,No,No,None,None,None
2025-05-06 14:00:00,LOD002,Loader,OP1007,6,Expert,9.4,T00140,Truck Loading,Zone D,Clay,Clear,Wet,Day,1603.6,3.3,60,89.3,15,5,4.1,10.5,0,Fastened,3.0,None,No,52,46,No,No,None,None,None
2025-05-06 16:00:00,LOD002,Loader,OP1007,6,Expert,10.2,T00141,Backfilling,Zone D,Rock,Dust,Muddy,Day,1604.1,1.0,69,92.9,8,25,7.0,7.3,0,Fastened,18.4,None,No,81,97,No,No,None,None,None
2025-05-06 18:00:00,EXC002,Excavator,OP1001,5,Certified,0.9,T00125,Grading,Zone B,Clay,Dust,Dry,Night,1434.1,2.2,42,86.5,10,40,1.5,10.1,0,Unfastened,4.7,None,No,86,104,Yes,No,None,None,None
2025-05-06 20:00:00,EXC001,Excavator,OP1003,10,Expert,2.9,T00123,Grading,Zone C,Clay,Clear,Wet,Night,1561.8,4.0,61,86.7,8,45,0,8.2,2,Unfastened,1.0,Vehicle,Yes,86,86,Yes,No,None,None,Excessive Idling
2025-05-06 20:00:00,EXC002,Excavator,OP1001,5,Certified,3.0,T00126,Truck Loading,Zone A,Clay,Rain,Wet,Night,1435.9,2.6,60,91.0,15,25,0.3,8.5,0,Fastened,1.6,Vehicle,Yes,52,69,Yes,Yes,Near Miss,Low,None
2025-05-06 20:00:00,EXC003,Excavator,OP1004,9,Expert,2.7,T00129,Grading,Zone B,Gravel,Clear,Dry,Night,1489.9,2.1,76,91.3,12,5,19.1,8.3,2,Unfastened,0.7,Structure,Yes,75,73,Yes,No,None,None,Unsafe Tilt
2025-05-06 20:00:00,EXC004,Excavator,OP1008,5,Certified,2.5,T00132,Trenching,Zone B,Clay,Fog,Dry,Night,1475.6,1.7,60,89.3,10,10,3.7,7.2,1,Fastened,6.8,None,No,103,131,No,No,None,None,None
2025-05-06 20:00:00,EXC005,Excavator,OP1002,1,Certified,3.0,T00135,Demolition,Zone A,Rock,Clear,Dry,Night,1587.6,3.2,55,86.8,10,45,18.8,7.2,2,Unfastened,18.4,None,No,162,182,Yes,No,None,None,Excessive Idling
2025-05-06 22:00:00,LOD001,Loader,OP1006,0,Trainee,4.8,T00138,Demolition,Zone B,Sand,Clear,Dry,Night,1560.9,0.5,69,88.5,12,0,8.8,5.2,0,Fastened,24.1,None,No,108,160,No,No,None,None,None
2025-05-06 22:00:00,LOD003,Loader,OP1005,9,Expert,4.4,T00144,Backfilling,Zone C,Sand,Fog,Dry,Night,1452.9,2.7,57,84.5,5,20,7.3,7.4,0,Fastened,35.0,None,No,54,55,No,No,None,None,None
2025-05-07 06:00:00,EXC001,Excavator,OP1001,5,Certified,0.6,T00145,Trenching,Zone A,Sand,Dust,Dry,Day,1564.9,3.7,57,84.6,2,10,5.8,9.7,2,Fastened,19.9,None,No,81,101,No,No,None,None,None
2025-05-07 06:00:00,EXC003,Excavator,OP1004,9,Expert,1.0,T00151,Trenching,Zone C,Sand,Rain,Muddy,Day,1492.2,3.2,78,93.2,10,10,1.4,6.8,1,Fastened,1.4,Structure,Yes,81,107,Yes,No,None,None,None
2025-05-07 06:00:00,EXC004,Excavator,OP1005,9,Expert,0.7,T00154,Demolition,Zone C,Sand,Rain,Dry,Day,1478.3,3.7,66,90.3,12,20,3.1,8.7,1,Fastened,37.6,None,No,108,101,No,No,None,None,None
2025-05-07 08:00:00,EXC003,Excavator,OP1004,9,Expert,2.8,T00152,Grading,Zone A,Gravel,Clear,Dry,Day,1494.0,2.0,34,81.1,5,10,0,5.8,0,Unfastened,48.8,None,No,75,62,Yes,No,None,None,None
2025-05-07 10:00:00,EXC002,Excavator,OP1007,6,Expert,4.4,T00148,Trenching,Zone B,Sand,Clear,Wet,Day,1437.9,2.9,50,90.7,5,35,4.2,5.1,1,Fastened,4.3,None,No,81,83,No,No,None,None,None
2025-05-07 10:00:00,EXC004,Excavator,OP1005,9,Expert,4.3,T00155,Backfilling,Zone D,Gravel,Clear,Muddy,Day,1479.2,1.1,25,77.2,5,15,2.2,6.9,0,Fastened,11.4,None,No,60,60,No,No,None,None,None
2025-05-07 10:00:00,LOD002,Loader,OP1002,1,Certified,4.6,T00163,Trenching,Zone D,Sand,Dust,Dry,Day,1605.7,1.6,46,84.9,0,10,9.3,4.6,0,Fastened,21.0,None,No,81,89,No,No,None,None,None
2025-05-07 12:00:00,EXC005,Excavator,OP1006,0,Trainee,7.3,T00157,Trenching,Zone C,Rock,Clear,Wet,Day,1589.0,2.2,44,85.5,5,35,3.4,4.4,2,Fastened,56.9,None,No,122,156,No,No,None,None,None
2025-05-07 12:00:00,LOD001,Loader,OP1003,10,Expert,6.8,T00160,Backfilling,Zone B,Gravel,Clear,Dry,Day,1562.0,1.8,77,95.5,15,30,5.1,7.2,0,Fastened,43.7,None,No,60,49,No,No,None,None,None
2025-05-07 12:00:00,LOD003,Loader,OP1008,5,Certified,7.0,T00166,Grading,Zone B,Clay,Fog,Dry,Day,1456.3,3.6,44,80.8,10,35,7.5,10.8,1,Fastened,33.3,None,No,86,99,No,No,None,None,None
2025-05-07 14:00:00,EXC001,Excavator,OP1001,5,Certified,9.2,T00146,Demolition,Zone C,Rock,Fog,Dry,Day,1565.7,1.5,33,77.6,0,35,2.3,4.4,0,Fastened,7.2,None,No,162,192,Yes,No,None,None,None
2025-05-07 14:00:00,EXC002,Excavator,OP1007,6,Expert,8.1,T00149,Backfilling,Zone A,Sand,Clear,Muddy,Day,1440.5,3.2,68,94.6,1,0,5.9,5.1,1,Fastened,15.3,None,No,54,55,No,No,None,None,None
2025-05-07 14:00:00,EXC004,Excavator,OP1005,9,Expert,8.0,T00156,Truck Loading,Zone D,Sand,Fog,Wet,Day,1480.5,1.8,40,79.0,8,20,6.5,7.1,0,Fastened,19.4,None,No,40,37,No,No,None,None,Excessive Idling
2025-05-07 14:00:00,LOD001,Loader,OP1003,10,Expert,8.4,T00161,Grading,Zone D,Gravel,Clear,Wet,Day,1563.2,1.7,48,82.1,12,30,2.2,8.3,0,Fastened,20.4,None,No,75,78,No,No,None,None,None
2025-05-07 14:00:00,LOD002,Loader,OP1002,1,Certified,9.1,T00164,Truck Loading,Zone C,Rock,Rain,Wet,Day,1606.5,1.7,53,88.5,12,50,4.7,4.6,1,Fastened,11.9,None,No,61,72,Yes,Yes,Collision,Low,Excessive Idling
2025-05-07 16:00:00,EXC002,Excavator,OP1007,6,Expert,10.7,T00150,Backfilling,Zone C,Gravel,Clear,Muddy,Day,1442.3,2.2,48,90.8,10,10,6.2,10.7,0,Fastened,25.2,None,No,60,69,No,No,None,None,None
2025-05-07 16:00:00,EXC005,Excavator,OP1006,0,Trainee,10.6,T00158,Truck Loading,Zone A,Sand,Clear,Dry,Day,1590.2,1.4,63,89.1,10,0,3.4,12.4,0,Fastened,25.0,None,No,40,48,No,No,None,None,None
2025-05-07 16:00:00,LOD003,Loader,OP1008,5,Certified,10.2,T00167,Backfilling,Zone D,Sand,Clear,Wet,Day,1459.5,2.8,30,80.3,15,15,6.4,2.1,1,Fastened,46.6,None,No,54,56,No,No,None,None,None
2025-05-07 18:00:00,LOD001,Loader,OP1003,10,Expert,1.4,T00162,Trenching,Zone C,Gravel,Clear,Dry,Night,1564.5,1.9,71,92.2,5,30,0.7,11.5,1,Unfastened,6.2,None,No,90,98,Yes,No,None,None,None
2025-05-07 20:00:00,EXC001,Excavator,OP1001,5,Certified,3.3,T00147,Backfilling,Zone D,Gravel,Rain,Dry,Night,1568.8,3.5,38,80.8,2,15,1.9,11.3,0,Fastened,10.1,None,No,60,79,No,No,None,None,None
2025-05-07 20:00:00,EXC003,Excavator,OP1004,9,Expert,2.2,T00153,Backfilling,Zone C,Gravel,Dust,Dry,Night,1494.6,1.9,61,89.6,10,60,2.5,5.8,0,Fastened,11.2,None,No,60,68,Yes,Yes,Tip-over Risk,Medium,Excessive Idling
2025-05-07 20:00:00,LOD002,Loader,OP1002,1,Certified,2.3,T00165,Backfilling,Zone A,Sand,Clear,Wet,Night,1608.9,2.8,68,91.3,12,20,7.4,15.6,4,Unfastened,23.2,None,No,54,67,Yes,No,None,None,Overspeed
2025-05-07 22:00:00,EXC005,Excavator,OP1006,0,Trainee,4.6,T00159,Backfilling,Zone B,Sand,Rain,Wet,Night,1592.3,3.0,52,83.4,10,30,9.1,11.8,1,Fastened,4.4,None,No,54,90,No,No,None,None,None
2025-05-07 22:00:00,LOD003,Loader,OP1008,5,Certified,5.0,T00168,Truck Loading,Zone A,Rock,Clear,Dry,Night,1462.9,2.9,21,74.4,12,20,4.6,7.8,0,Fastened,31.9,None,No,61,77,No,No,None,None,None
2025-05-08 06:00:00,EXC004,Excavator,OP1002,1,Certified,0.8,T00178,Trenching,Zone A,Clay,Clear,Dry,Day,1482.7,2.6,54,84.5,1,10,0.2,9.0,0,Fastened,15.9,None,No,103,107,No,No,None,None,None
2025-05-08 08:00:00,EXC001,Excavator,OP1007,6,Expert,2.6,T00169,Demolition,Zone C,Gravel,Rain,Muddy,Day,1571.4,3.5,52,86.6,5,30,7.7,3.6,0,Fastened,20.0,None,No,120,155,No,No,None,None,None
2025-05-08 08:00:00,EXC005,Excavator,OP1003,10,Expert,3.2,T00181,Truck Loading,Zone A,Gravel,Rain,Muddy,Day,1595.5,4.3,32,77.9,10,60,2.6,7.6,2,Fastened,5.9,None,No,45,61,Yes,Yes,Tip-over Risk,Medium,Excessive Idling
2025-05-08 08:00:00,LOD002,Loader,OP1008,5,Certified,2.6,T00187,Truck Loading,Zone B,Rock,Rain,Dry,Day,1609.7,1.7,30,76.6,10,50,4.0,21.6,3,Fastened,19.1,None,No,61,79,Yes,No,None,None,Excessive Idling
2025-05-08 10:00:00,EXC001,Excavator,OP1007,6,Expert,4.5,T00170,Demolition,Zone C,Rock,Fog,Dry,Day,1573.2,2.4,60,86.6,2,15,5.3,12.5,0,Fastened,47.3,None,No,162,131,No,No,None,None,None
2025-05-08 10:00:00,LOD001,Loader,OP1006,0,Trainee,5.0,T00184,Trenching,Zone D,Gravel,Dust,Dry,Day,1566.1,1.8,63,85.9,12,15,0,6.0,1,Fastened,9.9,None,No,90,119,No,No,None,None,None
2025-05-08 12:00:00,EXC002,Excavator,OP1004,9,Expert,7.1,T00172,Backfilling,Zone A,Sand,Clear,Dry,Day,1443.4,1.6,48,91.9,8,20,4.4,5.7,2,Fastened,20.0,None,No,54,47,No,No,None,None,None
2025-05-08 12:00:00,EXC003,Excavator,OP1005,9,Expert,6.1,T00175,Truck Loading,Zone A,Gravel,Dust,Dry,Day,1497.8,4.0,75,94.1,8,0,6.8,6.8,1,Fastened,35.2,None,No,45,48,No,No,None,None,None
2025-05-08 12:00:00,LOD001,Loader,OP1006,0,Trainee,6.9,T00185,Truck Loading,Zone C,Rock,Rain,Dry,Day,1567.9,1.8,57,84.4,5,5,4.4,10.2,1,Fastened,2.6,Vehicle,Yes,61,85,Yes,No,None,None,None
2025-05-08 12:00:00,LOD002,Loader,OP1008,5,Certified,6.1,T00188,Truck Loading,Zone D,Rock,Clear,Wet,Day,1611.8,2.3,45,85.1,12,25,6.0,11.5,1,Fastened,0.8,Structure,Yes,61,75,Yes,No,None,None,None
2025-05-08 14:00:00,EXC004,Excavator,OP1002,1,Certified,9.0,T00179,Trenching,Zone A,Rock,Clear,Dry,Day,1484.9,2.8,51,86.2,10,20,6.4,3.3,0,Fastened,37.4,None,No,122,112,No,No,None,None,None
2025-05-08 14:00:00,EXC005,Excavator,OP1003,10,Expert,8.4,T00182,Demolition,Zone D,Clay,Clear,Dry,Day,1597.4,3.2,45,81.3,15,60,0.4,4.5,0,Fastened,44.2,None,No,138,113,Yes,No,None,None,Excessive Idling
2025-05-08 14:00:00,LOD003,Loader,OP1001,5,Certified,8.5,T00190,Truck Loading,Zone B,Clay,Clear,Wet,Day,1465.5,2.6,45,84.7,5,15,8.2,15.6,3,Fastened,21.8,None,No,52,54,No,No,None,None,Overspeed
2025-05-08 16:00:00,EXC002,Excavator,OP1004,9,Expert,11.4,T00173,Grading,Zone C,Rock,Clear,Wet,Day,1445.7,3.2,57,94.4,15,25,3.3,4.4,2,Fastened,18.3,None,No,101,98,No,No,None,None,None
2025-05-08 16:00:00,EXC003,Excavator,OP1005,9,Expert,11.0,T00176,Truck Loading,Zone D,Clay,Rain,Dry,Day,1501.1,4.5,80,96.5,2,10,7.4,5.1,1,Fastened,4.8,None,No,52,46,No,No,None,None,Excessive Idling
2025-05-08 16:00:00,EXC004,Excavator,OP1002,1,Certified,10.9,T00180,Grading,Zone D,Gravel,Clear,Dry,Day,1486.7,2.6,53,87.0,10,30,7.8,4.8,1,Fastened,7.4,None,No,75,82,No,No,None,None,None
2025-05-08 18:00:00,EXC002,Excavator,OP1004,9,Expert,0.9,T00174,Demolition,Zone A,Clay,Rain,Dry,Night,1447.5,2.9,77,99.0,10,30,3.8,10.8,0,Fastened,32.9,None,No,138,170,No,No,None,None,None
2025-05-08 18:00:00,EXC005,Excavator,OP1003,10,Expert,0.1,T00183,Truck Loading,Zone C,Clay,Clear,Dry,Night,1600.2,3.5,39,79.0,15,30,5.6,5.9,2,Fastened,30.2,None,No,52,47,No,No,None,None,None
2025-05-08 20:00:00,EXC001,Excavator,OP1007,6,Expert,2.8,T00171,Backfilling,Zone B,Clay,Rain,Dry,Night,1574.8,2.6,50,87.6,12,45,9.3,15.9,3,Fastened,26.9,None,No,69,72,Yes,Yes,Collision,Medium,Excessive Idling
2025-05-08 20:00:00,EXC003,Excavator,OP1005,9,Expert,3.1,T00177,Trenching,Zone A,Gravel,Clear,Wet,Night,1503.4,3.4,35,77.7,5,55,8.8,8.9,2,Fastened,11.0,None,No,90,99,Yes,No,None,None,Excessive Idling
2025-05-08 20:00:00,LOD002,Loader,OP1008,5,Certified,2.2,T00189,Truck Loading,Zone D,Gravel,Clear,Dry,Night,1612.3,1.4,42,81.3,5,50,6.3,8.1,0,Fastened,13.7,None,No,45,54,Yes,No,None,None,Excessive Idling
2025-05-08 20:00:00,LOD003,Loader,OP1001,5,Certified,2.1,T00191,Grading,Zone A,Clay,Rain,Muddy,Night,1466.8,1.4,60,89.6,10,10,4.8,7.6,1,Unfastened,19.0,None,No,86,139,Yes,Yes,Tip-over Risk,Low,None
2025-05-08 22:00:00,LOD001,Loader,OP1006,0,Trainee,4.6,T00186,Trenching,Zone A,Gravel,Clear,Wet,Night,1571.3,3.2,48,84.9,8,10,5.9,5.4,0,Fastened,33.2,None,No,90,135,No,No,None,None,None
2025-05-08 22:00:00,LOD003,Loader,OP1001,5,Certified,4.9,T00192,Grading,Zone A,Sand,Dust,Dry,Night,1468.6,2.3,47,81.2,8,35,6.1,11.3,0,Fastened,21.2,None,No,68,81,No,No,None,None,None
2025-05-09 06:00:00,LOD001,Loader,OP1006,0,Trainee,0.7,T00208,Grading,Zone B,Clay,Dust,Dry,Day,1572.7,2.1,42,81.1,0,45,3.5,4.0,0,Fastened,46.5,None,No,86,115,Yes,Yes,Collision,Low,Excessive Idling
2025-05-09 06:00:00,LOD002,Loader,OP1001,5,Certified,1.3,T00211,Truck Loading,Zone A,Gravel,Rain,Dry,Day,1615.1,2.7,35,79.4,8,20,3.7,10.8,1,Fastened,5.2,None,No,45,52,No,No,None,None,None
2025-05-09 08:00:00,EXC005,Excavator,OP1004,9,Expert,2.4,T00205,Truck Loading,Zone C,Gravel,Rain,Dry,Day,1602.0,2.1,60,87.7,2,0,6.1,6.9,0,Fastened,34.9,None,No,45,43,No,No,None,None,None
2025-05-09 08:00:00,LOD001,Loader,OP1006,0,Trainee,2.9,T00209,Trenching,Zone C,Clay,Rain,Wet,Day,1574.5,2.1,81,95.8,2,10,4.4,6.2,1,Fastened,8.9,None,No,103,172,No,No,None,None,None
2025-05-09 10:00:00,EXC001,Excavator,OP1005,9,Expert,4.2,T00193,Grading,Zone A,Gravel,Fog,Muddy,Day,1575.5,1.3,42,83.0,12,25,0,8.4,0,Fastened,35.6,None,No,75,94,No,No,None,None,None
2025-05-09 10:00:00,EXC004,Excavator,OP1007,6,Expert,4.2,T00202,Backfilling,Zone A,Clay,Fog,Dry,Day,1487.4,1.5,85,94.8,2,30,8.5,7.7,0,Fastened,11.1,None,No,69,71,No,No,None,None,None
2025-05-09 10:00:00,LOD001,Loader,OP1006,0,Trainee,4.7,T00210,Grading,Zone B,Rock,Clear,Dry,Day,1576.3,2.4,31,77.3,8,50,1.5,2.7,1,Fastened,46.8,None,No,101,119,Yes,No,None,None,Excessive Idling
2025-05-09 10:00:00,LOD002,Loader,OP1001,5,Certified,4.3,T00212,Trenching,Zone D,Clay,Rain,Dry,Day,1617.1,2.1,50,87.6,5,15,4.3,1.7,1,Fastened,4.6,None,No,103,128,No,No,None,None,None
2025-05-09 12:00:00,EXC004,Excavator,OP1007,6,Expert,6.5,T00203,Backfilling,Zone C,Rock,Clear,Dry,Day,1489.2,2.4,31,81.6,8,30,6.3,5.6,0,Fastened,14.4,None,No,81,78,No,No,None,None,None
2025-05-09 14:00:00,EXC001,Excavator,OP1005,9,Expert,8.2,T00194,Truck Loading,Zone C,Sand,Clear,Dry,Day,1576.2,1.0,51,86.8,10,10,7.9,6.2,0,Fastened,20.9,None,No,40,36,No,No,None,None,None
2025-05-09 14:00:00,EXC002,Excavator,OP1002,1,Certified,8.5,T00196,Demolition,Zone D,Gravel,Clear,Wet,Day,1450.7,4.7,68,97.9,8,40,7.6,10.7,1,Fastened,28.0,None,No,120,136,No,No,None,None,None
2025-05-09 14:00:00,EXC003,Excavator,OP1008,5,Certified,9.3,T00199,Trenching,Zone A,Sand,Clear,Dry,Day,1504.0,1.5,54,86.5,1,40,7.8,6.3,1,Fastened,36.7,None,No,81,90,No,No,None,None,None
2025-05-09 14:00:00,LOD002,Loader,OP1001,5,Certified,9.4,T00213,Grading,Zone C,Clay,Clear,Wet,Day,1618.8,1.8,48,82.8,1,10,4.8,9.5,2,Unfastened,33.9,None,No,86,105,Yes,No,None,None,None
2025-05-09 16:00:00,EXC002,Excavator,OP1002,1,Certified,10.8,T00197,Trenching,Zone B,Clay,Clear,Dry,Day,1452.1,1.7,54,97.0,12,5,7.4,9.3,1,Fastened,22.5,None,No,103,103,No,No,None,None,None
2025-05-09 16:00:00,LOD003,Loader,OP1003,10,Expert,11.0,T00214,Truck Loading,Zone D,Sand,Clear,Wet,Day,1471.7,4.4,71,94.3,10,60,2.8,4.4,1,Fastened,9.1,None,No,40,39,Yes,No,None,None,Excessive Idling
2025-05-09 18:00:00,EXC001,Excavator,OP1005,9,Expert,1.1,T00195,Truck Loading,Zone B,Rock,Clear,Dry,Night,1579.5,4.8,62,90.3,5,45,2.6,14.6,1,Fastened,31.0,None,No,61,56,Yes,No,None,None,Excessive Idling
2025-05-09 18:00:00,EXC005,Excavator,OP1004,9,Expert,1.5,T00206,Truck Loading,Zone A,Rock,Clear,Dry,Night,1603.3,1.9,71,91.1,5,10,0,5.2,2,Fastened,28.1,None,No,61,59,No,No,None,None,None
2025-05-09 20:00:00,EXC002,Excavator,OP1002,1,Certified,2.7,T00198,Demolition,Zone A,Sand,Rain,Wet,Night,1454.3,2.7,63,96.7,12,5,19.2,12.2,5,Fastened,28.4,None,No,108,159,No,No,None,None,Unsafe Tilt
2025-05-09 20:00:00,EXC003,Excavator,OP1008,5,Certified,3.0,T00200,Grading,Zone C,Gravel,Rain,Dry,Night,1506.1,2.6,50,82.9,12,15,9.1,9.0,0,Fastened,30.7,None,No,75,105,No,No,None,None,None
2025-05-09 20:00:00,LOD003,Loader,OP1003,10,Expert,2.6,T00215,Grading,Zone D,Gravel,Clear,Dry,Night,1473.9,2.4,10,71.8,15,45,4.0,20.8,5,Fastened,33.1,None,No,75,77,Yes,No,None,None,Excessive Idling
2025-05-09 22:00:00,EXC003,Excavator,OP1008,5,Certified,4.2,T00201,Grading,Zone C,Gravel,Rain,Dry,Night,1507.3,2.4,55,86.2,12,55,1.4,8.9,0,Fastened,26.9,None,No,75,108,Yes,No,None,None,Excessive Idling
2025-05-09 22:00:00,EXC004,Excavator,OP1007,6,Expert,4.5,T00204,Truck Loading,Zone A,Gravel,Clear,Wet,Night,1490.9,2.8,89,99.4,5,20,5.4,11.2,1,Fastened,0.8,Vehicle,Yes,45,52,Yes,Yes,Tip-over Risk,Low,None
2025-05-09 22:00:00,EXC005,Excavator,OP1004,9,Expert,4.7,T00207,Grading,Zone A,Rock,Clear,Wet,Night,1604.4,1.6,55,86.3,12,20,4.2,0,0,Fastened,11.6,None,No,101,102,No,No,None,None,None
2025-05-09 22:00:00,LOD003,Loader,OP1003,10,Expert,4.9,T00216,Trenching,Zone D,Clay,Clear,Dry,Night,1475.7,2.2,57,86.5,10,25,3.8,7.5,0,Fastened,29.8,None,No,103,98,No,No,None,None,None
2025-05-10 06:00:00,EXC001,Excavator,OP1002,1,Certified,1.3,T00217,Trenching,Zone A,Sand,Rain,Wet,Day,1581.3,2.2,43,84.1,8,15,3.9,3.2,0,Fastened,34.9,None,No,81,94,No,No,None,None,None
2025-05-10 06:00:00,LOD001,Loader,OP1007,6,Expert,0.1,T00232,Truck Loading,Zone C,Clay,Clear,Dry,Day,1577.8,1.5,50,86.2,15,5,9.3,0.8,0,Fastened,1.9,Vehicle,Yes,52,41,Yes,No,None,None,None
2025-05-10 06:00:00,LOD002,Loader,OP1008,5,Certified,0.5,T00235,Truck Loading,Zone B,Clay,Rain,Dry,Day,1621.0,2.5,56,85.8,5,25,3.5,1.1,0,Fastened,30.1,None,No,52,55,No,No,None,None,None
2025-05-10 08:00:00,EXC004,Excavator,OP1003,10,Expert,3.2,T00226,Demolition,Zone C,Rock,Clear,Dry,Day,1491.8,1.3,22,79.2,2,25,9.3,8.8,2,Fastened,11.4,None,No,162,140,No,No,None,None,None
2025-05-10 08:00:00,EXC005,Excavator,OP1001,5,Certified,3.2,T00229,Demolition,Zone D,Sand,Clear,Dry,Day,1607.7,4.6,60,86.5,10,35,8.2,12.5,0,Fastened,7.7,None,No,108,102,No,No,None,None,None
2025-05-10 08:00:00,LOD001,Loader,OP1007,6,Expert,3.2,T00233,Demolition,Zone C,Clay,Clear,Dry,Day,1579.6,2.0,58,84.7,5,15,7.0,11.7,0,Fastened,36.7,None,No,138,131,No,No,None,None,None
2025-05-10 10:00:00,EXC001,Excavator,OP1002,1,Certified,4.6,T00218,Truck Loading,Zone C,Sand,Clear,Dry,Day,1584.2,2.7,29,76.5,8,0,4.9,4.8,0,Fastened,22.4,None,No,40,37,No,No,None,None,None
2025-05-10 10:00:00,EXC002,Excavator,OP1005,9,Expert,5.1,T00220,Trenching,Zone B,Sand,Fog,Wet,Day,1455.1,0.9,52,92.9,10,5,5.2,9.0,1,Fastened,44.1,None,No,81,72,No,No,None,None,None
2025-05-10 10:00:00,LOD001,Loader,OP1007,6,Expert,5.1,T00234,Grading,Zone C,Gravel,Dust,Wet,Day,1581.4,2.2,66,88.2,10,20,0,8.5,1,Fastened,44.5,None,No,75,79,No,No,None,None,None
2025-05-10 12:00:00,EXC003,Excavator,OP1006,0,Trainee,6.1,T00223,Backfilling,Zone C,Clay,Clear,Dry,Day,1508.6,2.1,33,82.1,2,40,4.4,4.6,1,Fastened,36.7,None,No,69,83,No,No,None,None,None
2025-05-10 14:00:00,EXC003,Excavator,OP1006,0,Trainee,8.2,T00224,Demolition,Zone B,Sand,Clear,Wet,Day,1510.4,3.3,63,91.5,2,60,4.7,6.4,1,Fastened,19.7,None,No,108,147,Yes,No,None,None,Excessive Idling
2025-05-10 16:00:00,EXC001,Excavator,OP1002,1,Certified,10.4,T00219,Backfilling,Zone A,Gravel,Clear,Dry,Day,1584.9,1.0,41,80.3,2,15,0.7,10.4,0,Fastened,55.5,None,No,60,59,No,No,None,None,None
2025-05-10 16:00:00,EXC002,Excavator,OP1005,9,Expert,11.0,T00221,Demolition,Zone C,Clay,Clear,Dry,Day,1455.7,0.6,54,94.5,10,0,4.7,10.6,0,Fastened,52.2,None,No,138,129,No,No,None,None,None
2025-05-10 16:00:00,EXC004,Excavator,OP1003,10,Expert,10.7,T00227,Grading,Zone B,Rock,Clear,Wet,Day,1494.2,3.2,27,78.5,12,50,9.4,5.0,0,Fastened,28.0,None,No,101,100,Yes,No,None,None,Excessive Idling
2025-05-10 16:00:00,LOD003,Loader,OP1004,9,Expert,11.4,T00238,Grading,Zone A,Sand,Clear,Dry,Day,1476.8,1.6,65,87.4,1,25,0,1.9,1,Fastened,46.4,None,No,68,55,No,No,None,None,None
2025-05-10 18:00:00,EXC002,Excavator,OP1005,9,Expert,0.3,T00222,Trenching,Zone D,Gravel,Fog,Dry,Night,1457.3,2.3,58,94.9,8,20,4.7,6.5,1,Fastened,13.1,None,No,90,85,No,No,None,None,None
2025-05-10 18:00:00,EXC003,Excavator,OP1006,0,Trainee,1.1,T00225,Backfilling,Zone C,Rock,Clear,Muddy,Night,1513.2,3.4,56,84.9,15,10,3.6,6.2,0,Fastened,8.8,None,No,81,153,No,No,None,None,None
2025-05-10 18:00:00,LOD002,Loader,OP1008,5,Certified,0.7,T00236,Trenching,Zone D,Sand,Clear,Dry,Night,1622.9,2.3,68,87.7,12,20,0,3.9,0,Fastened,21.1,None,No,81,101,No,No,None,None,None
2025-05-10 18:00:00,LOD003,Loader,OP1004,9,Expert,1.5,T00239,Truck Loading,Zone A,Sand,Clear,Wet,Night,1478.6,2.7,47,81.6,0,55,1.3,11.5,1,Fastened,21.1,None,No,40,44,Yes,No,None,None,Excessive Idling
2025-05-10 20:00:00,EXC005,Excavator,OP1001,5,Certified,2.5,T00230,Backfilling,Zone D,Sand,Clear,Dry,Night,1609.8,3.4,61,86.2,5,50,3.6,10.4,1,Unfastened,10.8,None,No,54,57,Yes,Yes,Near Miss,High,Excessive Idling
2025-05-10 20:00:00,LOD003,Loader,OP1004,9,Expert,3.3,T00240,Truck Loading,Zone C,Gravel,Clear,Wet,Night,1480.1,1.7,83,95.3,5,5,10.0,4.3,0,Unfastened,29.0,None,No,45,50,Yes,No,None,None,None
2025-05-10 22:00:00,EXC004,Excavator,OP1003,10,Expert,5.3,T00228,Demolition,Zone A,Rock,Clear,Dry,Night,1495.4,1.8,45,85.5,0,25,6.5,4.3,1,Fastened,5.6,None,No,162,163,Yes,No,None,None,None
2025-05-10 22:00:00,EXC005,Excavator,OP1001,5,Certified,4.0,T00231,Trenching,Zone D,Rock,Fog,Dry,Night,1611.6,2.1,41,81.8,12,10,3.2,6.2,0,Fastened,20.3,None,No,122,129,No,No,None,None,None
2025-05-10 22:00:00,LOD002,Loader,OP1008,5,Certified,5.4,T00237,Trenching,Zone C,Sand,Fog,Dry,Night,1625.8,2.7,47,81.8,8,5,3.8,5.9,2,Fastened,3.7,None,No,81,95,No,No,None,None,None
2025-05-11 06:00:00,EXC001,Excavator,OP1005,9,Expert,0.6,T00241,Backfilling,Zone D,Sand,Rain,Dry,Day,1585.7,1.4,15,76.0,10,35,3.3,11.7,2,Fastened,27.9,None,No,54,58,No,No,None,None,None
2025-05-11 06:00:00,LOD003,Loader,OP1002,1,Certified,1.5,T00262,Truck Loading,Zone B,Gravel,Fog,Dry,Day,1482.3,1.9,35,80.8,2,5,7.4,8.8,0,Fastened,22.3,None,No,45,46,No,No,None,None,None
2025-05-11 08:00:00,EXC002,Excavator,OP1008,5,Certified,3.0,T00244,Demolition,Zone A,Rock,Clear,Dry,Day,1458.0,1.0,60,95.7,12,5,4.7,8.4,0,Fastened,6.3,None,No,162,168,No,No,None,None,None
2025-05-11 08:00:00,EXC003,Excavator,OP1003,10,Expert,2.3,T00247,Grading,Zone B,Rock,Clear,Muddy,Day,1514.9,3.0,74,93.1,0,45,9.9,9.1,1,Unfastened,53.7,None,No,101,100,Yes,No,None,None,Excessive Idling
2025-05-11 08:00:00,EXC005,Excavator,OP1004,9,Expert,2.8,T00253,Grading,Zone D,Rock,Rain,Muddy,Day,1613.4,2.9,31,78.9,0,55,0,9.7,0,Fastened,39.6,None,No,101,132,Yes,Yes,Tip-over Risk,Medium,Excessive Idling
2025-05-11 08:00:00,LOD001,Loader,OP1001,5,Certified,3.2,T00256,Trenching,Zone D,Rock,Clear,Dry,Day,1582.7,1.4,21,77.0,5,20,5.4,6.3,1,Fastened,39.0,None,No,122,138,No,No,None,None,None
2025-05-11 08:00:00,LOD002,Loader,OP1006,0,Trainee,2.8,T00259,Truck Loading,Zone D,Gravel,Fog,Wet,Day,1629.2,3.7,54,84.4,1,30,3.4,5.1,0,Fastened,11.5,None,No,45,62,No,No,None,None,None
2025-05-11 10:00:00,EXC003,Excavator,OP1003,10,Expert,5.4,T00248,Backfilling,Zone D,Rock,Clear,Dry,Day,1516.7,2.7,52,84.2,0,35,0.3,7.3,0,Fastened,22.7,None,No,81,69,Yes,No,None,None,None
2025-05-11 12:00:00,EXC002,Excavator,OP1008,5,Certified,7.3,T00245,Trenching,Zone B,Sand,Clear,Dry,Day,1461.2,3.9,64,101.0,8,5,3.2,14.1,0,Unfastened,59.4,None,No,81,85,Yes,No,None,None,Overheating
2025-05-11 12:00:00,EXC004,Excavator,OP1007,6,Expert,6.5,T00250,Grading,Zone B,Gravel,Clear,Muddy,Day,1498.8,4.8,71,89.3,10,25,6.3,13.4,0,Fastened,5.9,None,No,75,87,No,No,None,None,None
2025-05-11 12:00:00,LOD002,Loader,OP1006,0,Trainee,7.3,T00260,Trenching,Zone C,Clay,Clear,Wet,Day,1631.0,2.5,47,85.2,2,45,2.1,10.3,1,Fastened,9.4,None,No,103,124,Yes,No,None,None,Excessive Idling
2025-05-11 14:00:00,EXC005,Excavator,OP1004,9,Expert,9.1,T00254,Truck Loading,Zone B,Gravel,Clear,Dry,Day,1615.7,2.5,32,78.7,1,15,4.3,8.0,1,Fastened,21.7,None,No,45,35,No,No,None,None,None
2025-05-11 14:00:00,LOD001,Loader,OP1001,5,Certified,9.1,T00257,Trenching,Zone C,Clay,Fog,Dry,Day,1583.5,0.8,70,88.9,10,0,5.7,7.8,1,Fastened,29.2,None,No,103,111,No,No,None,None,None
2025-05-11 14:00:00,LOD002,Loader,OP1006,0,Trainee,8.7,T00261,Trenching,Zone B,Sand,Clear,Wet,Day,1632.8,1.5,33,77.3,12,0,1.3,11.0,1,Fastened,13.0,None,No,81,120,No,No,None,None,None
2025-05-11 16:00:00,EXC002,Excavator,OP1008,5,Certified,10.9,T00246,Truck Loading,Zone A,Gravel,Clear,Dry,Day,1463.2,2.9,36,93.0,10,45,9.6,7.1,0,Fastened,14.1,None,No,45,41,Yes,No,None,None,Excessive Idling
2025-05-11 16:00:00,EXC004,Excavator,OP1007,6,Expert,11.3,T00251,Truck Loading,Zone C,Gravel,Fog,Dry,Day,1500.1,2.2,64,91.0,2,30,7.7,6.9,0,Unfastened,12.7,None,No,45,37,Yes,Yes,Near Miss,Low,None
2025-05-11 16:00:00,LOD001,Loader,OP1001,5,Certified,11.1,T00258,Trenching,Zone A,Sand,Clear,Wet,Day,1585.3,2.3,68,89.2,2,25,4.9,12.3,0,Unfastened,21.1,None,No,81,98,Yes,No,None,None,None
2025-05-11 16:00:00,LOD003,Loader,OP1002,1,Certified,10.0,T00263,Trenching,Zone B,Clay,Dust,Wet,Day,1484.3,2.6,59,85.5,5,35,1.7,7.6,1,Fastened,41.8,None,No,103,131,No,No,None,None,None
2025-05-11 18:00:00,LOD003,Loader,OP1002,1,Certified,1.1,T00264,Trenching,Zone C,Gravel,Clear,Dry,Night,1486.1,2.7,33,82.8,15,60,0.9,3.9,1,Fastened,4.6,None,No,90,96,Yes,Yes,Collision,Low,Excessive Idling
2025-05-11 20:00:00,EXC001,Excavator,OP1005,9,Expert,3.1,T00242,Truck Loading,Zone B,Sand,Fog,Wet,Night,1587.6,2.7,42,84.9,8,35,0.4,11.3,1,Fastened,6.7,None,No,40,50,No,No,None,None,None
2025-05-11 20:00:00,EXC003,Excavator,OP1003,10,Expert,2.1,T00249,Demolition,Zone D,Gravel,Clear,Dry,Night,1519.4,3.7,43,84.0,5,45,1.2,4.4,0,Fastened,1.0,Vehicle,Yes,120,120,Yes,No,None,None,Excessive Idling
2025-05-11 20:00:00,EXC004,Excavator,OP1007,6,Expert,3.3,T00252,Backfilling,Zone B,Rock,Rain,Wet,Night,1502.9,4.2,66,91.7,10,45,5.8,4.7,1,Unfastened,33.2,None,No,81,92,Yes,Yes,Tip-over Risk,Medium,Excessive Idling
2025-05-11 20:00:00,EXC005,Excavator,OP1004,9,Expert,2.3,T00255,Trenching,Zone A,Clay,Fog,Dry,Night,1618.0,3.6,86,97.0,12,25,3.7,1.1,1,Unfastened,10.4,None,No,103,110,Yes,No,None,None,None
2025-05-11 22:00:00,EXC001,Excavator,OP1005,9,Expert,4.9,T00243,Trenching,Zone A,Rock,Clear,Wet,Night,1588.5,1.2,37,81.4,8,15,7.2,6.0,1,Fastened,28.4,None,No,122,140,No,No,None,None,None
2025-05-12 06:00:00,LOD001,Loader,OP1002,1,Certified,1.2,T00280,Grading,Zone D,Rock,Clear,Wet,Day,1588.3,3.3,50,86.0,5,30,3.8,10.8,2,Fastened,46.1,None,No,101,105,No,No,None,None,None
2025-05-12 06:00:00,LOD003,Loader,OP1004,9,Expert,0.1,T00286,Grading,Zone C,Gravel,Clear,Dry,Day,1489.1,3.6,71,88.4,5,25,7.3,8.9,1,Fastened,58.4,None,No,75,69,No,No,None,None,None
2025-05-12 10:00:00,EXC002,Excavator,OP1006,0,Trainee,4.7,T00268,Demolition,Zone A,Sand,Clear,Dry,Day,1464.4,1.7,42,95.5,10,25,6.4,10.9,1,Fastened,41.9,None,No,108,149,No,No,None,None,None
2025-05-12 10:00:00,EXC003,Excavator,OP1001,5,Certified,4.8,T00271,Truck Loading,Zone C,Sand,Clear,Dry,Day,1520.1,1.3,65,91.0,15,25,4.5,6.6,1,Fastened,2.8,Vehicle,Yes,40,41,Yes,No,None,None,None
2025-05-12 10:00:00,LOD003,Loader,OP1004,9,Expert,4.3,T00287,Backfilling,Zone B,Gravel,Clear,Muddy,Day,1491.1,2.2,57,84.8,8,15,7.1,9.0,1,Fastened,42.6,None,No,60,60,No,No,None,None,None
2025-05-12 12:00:00,EXC002,Excavator,OP1006,0,Trainee,6.3,T00269,Truck Loading,Zone A,Clay,Clear,Dry,Day,1466.0,2.8,71,103.9,12,40,5.5,3.6,1,Fastened,23.0,None,No,52,67,No,No,None,None,Overheating
2025-05-12 12:00:00,EXC005,Excavator,OP1008,5,Certified,6.5,T00277,Demolition,Zone B,Sand,Fog,Wet,Day,1619.5,2.4,38,84.3,1,45,0,3.9,1,Fastened,40.3,None,No,108,118,Yes,No,None,None,Excessive Idling
2025-05-12 14:00:00,EXC001,Excavator,OP1003,10,Expert,9.2,T00265,Trenching,Zone A,Clay,Dust,Dry,Day,1591.3,3.9,74,92.8,8,20,2.1,9.4,2,Fastened,20.2,None,No,103,106,No,No,None,None,None
2025-05-12 14:00:00,EXC004,Excavator,OP1007,6,Expert,9.0,T00274,Demolition,Zone D,Rock,Clear,Dry,Day,1505.0,2.0,15,76.1,2,10,5.8,6.0,1,Unfastened,43.0,None,No,162,151,Yes,Yes,Near Miss,Medium,None
2025-05-12 16:00:00,EXC001,Excavator,OP1003,10,Expert,11.1,T00266,Backfilling,Zone A,Sand,Clear,Dry,Day,1593.1,3.1,41,80.1,2,60,5.8,2.5,0,Fastened,41.8,None,No,54,52,Yes,Yes,Near Miss,Low,Excessive Idling
2025-05-12 16:00:00,EXC003,Excavator,OP1001,5,Certified,11.2,T00272,Demolition,Zone D,Gravel,Rain,Wet,Day,1522.0,3.6,84,94.9,12,55,7.5,10.0,0,Fastened,17.3,None,No,120,172,Yes,No,None,None,Excessive Idling
2025-05-12 16:00:00,EXC004,Excavator,OP1007,6,Expert,11.0,T00275,Truck Loading,Zone A,Clay,Dust,Dry,Day,1506.0,1.2,49,87.6,8,5,0.7,0.3,1,Fastened,1.5,Vehicle,Yes,52,49,Yes,No,None,None,None
2025-05-12 16:00:00,LOD002,Loader,OP1005,9,Expert,10.2,T00283,Grading,Zone D,Gravel,Clear,Muddy,Day,1633.7,1.4,68,90.8,5,25,0.3,13.5,0,Fastened,48.4,None,No,75,75,No,No,None,None,None
2025-05-12 16:00:00,LOD003,Loader,OP1004,9,Expert,10.1,T00288,Trenching,Zone C,Rock,Clear,Wet,Day,1492.6,1.3,19,75.3,12,10,9.8,12.3,0,Fastened,1.8,Structure,Yes,122,122,Yes,No,None,None,None
2025-05-12 18:00:00,EXC005,Excavator,OP1008,5,Certified,1.1,T00278,Backfilling,Zone A,Gravel,Clear,Dry,Night,1621.3,2.0,53,88.9,12,0,1.8,6.7,2,Fastened,32.3,None,No,60,77,No,No,None,None,None
2025-05-12 18:00:00,LOD001,Loader,OP1002,1,Certified,1.5,T00281,Grading,Zone D,Rock,Fog,Wet,Night,1590.6,2.0,35,82.6,10,5,4.7,10.5,1,Fastened,6.4,None,No,101,133,No,No,None,None,None
2025-05-12 18:00:00,LOD002,Loader,OP1005,9,Expert,1.4,T00284,Truck Loading,Zone D,Clay,Clear,Wet,Night,1634.5,1.8,16,72.8,8,60,3.8,7.9,0,Fastened,25.0,None,No,52,51,Yes,No,None,None,Excessive Idling
2025-05-12 20:00:00,EXC004,Excavator,OP1007,6,Expert,3.4,T00276,Demolition,Zone C,Gravel,Clear,Dry,Night,1507.0,1.7,67,92.5,15,25,8.1,6.2,0,Fastened,20.1,None,No,120,130,No,No,None,None,None
2025-05-12 20:00:00,EXC005,Excavator,OP1008,5,Certified,2.9,T00279,Truck Loading,Zone D,Gravel,Dust,Dry,Night,1622.1,1.5,54,87.0,15,30,5.2,9.5,1,Unfastened,7.7,None,No,45,55,Yes,No,None,None,None
2025-05-12 20:00:00,LOD001,Loader,OP1002,1,Certified,2.6,T00282,Grading,Zone C,Clay,Clear,Wet,Night,1592.4,2.3,57,85.1,2,30,1.0,5.7,2,Fastened,25.3,None,No,86,98,No,No,None,None,None
2025-05-12 22:00:00,EXC001,Excavator,OP1003,10,Expert,4.7,T00267,Grading,Zone C,Sand,Rain,Wet,Night,1594.9,2.7,84,92.7,10,20,3.9,0,1,Fastened,10.5,None,No,68,86,No,No,None,None,None
2025-05-12 22:00:00,EXC002,Excavator,OP1006,0,Trainee,5.3,T00270,Grading,Zone C,Clay,Clear,Dry,Night,1466.7,1.7,56,100.1,8,45,3.8,14.8,1,Unfastened,4.5,None,No,86,132,Yes,Yes,Tip-over Risk,Low,Excessive Idling
2025-05-12 22:00:00,EXC003,Excavator,OP1001,5,Certified,4.7,T00273,Demolition,Zone C,Clay,Clear,Wet,Night,1525.1,3.9,55,84.6,8,20,23.0,9.8,3,Fastened,23.5,None,No,138,193,No,No,None,None,Unsafe Tilt
2025-05-12 22:00:00,LOD002,Loader,OP1005,9,Expert,4.3,T00285,Backfilling,Zone A,Clay,Clear,Dry,Night,1637.9,3.0,44,83.0,2,0,1.6,15.7,2,Unfastened,7.9,None,No,69,66,Yes,No,None,None,Overspeed
2025-05-13 06:00:00,EXC001,Excavator,OP1008,5,Certified,0.5,T00289,Truck Loading,Zone A,Rock,Clear,Dry,Day,1596.0,1.9,34,82.0,12,40,2.2,5.3,1,Unfastened,18.7,None,No,61,62,Yes,Yes,Collision,Low,None
2025-05-13 06:00:00,EXC005,Excavator,OP1007,6,Expert,1.4,T00301,Grading,Zone C,Rock,Rain,Wet,Day,1624.6,3.4,56,83.8,10,25,8.2,14.0,0,Unfastened,45.6,None,No,101,123,Yes,Yes,Near Miss,High,None
2025-05-13 06:00:00,LOD002,Loader,OP1002,1,Certified,0.8,T00307,Truck Loading,Zone C,Rock,Dust,Muddy,Day,1638.6,1.4,66,90.5,10,40,5.6,5.7,1,Fastened,21.1,None,No,61,95,No,No,None,None,None
2025-05-13 08:00:00,EXC001,Excavator,OP1008,5,Certified,2.7,T00290,Truck Loading,Zone A,Clay,Rain,Wet,Day,1597.8,2.0,44,82.0,0,5,3.4,8.3,0,Fastened,17.1,None,No,52,67,No,No,None,None,None
2025-05-13 08:00:00,EXC003,Excavator,OP1006,0,Trainee,2.4,T00295,Demolition,Zone B,Rock,Rain,Muddy,Day,1526.5,2.1,52,85.8,10,30,8.8,7.3,1,Fastened,18.7,None,No,162,302,No,No,None,None,None
2025-05-13 08:00:00,LOD002,Loader,OP1002,1,Certified,2.8,T00308,Backfilling,Zone A,Sand,Clear,Dry,Day,1640.4,1.9,76,94.8,2,0,9.4,10.2,0,Fastened,45.9,None,No,54,51,No,No,None,None,None
2025-05-13 10:00:00,EXC001,Excavator,OP1008,5,Certified,4.7,T00291,Demolition,Zone A,Gravel,Dust,Dry,Day,1599.6,2.3,49,84.5,15,15,7.7,2.4,0,Fastened,30.0,None,No,120,133,No,No,None,None,None
2025-05-13 10:00:00,EXC003,Excavator,OP1006,0,Trainee,4.5,T00296,Grading,Zone B,Rock,Fog,Wet,Day,1528.2,2.2,40,84.6,2,20,0.3,4.5,0,Unfastened,56.1,None,No,101,144,Yes,No,None,None,None
2025-05-13 12:00:00,EXC003,Excavator,OP1006,0,Trainee,6.3,T00297,Truck Loading,Zone C,Sand,Fog,Dry,Day,1530.0,2.7,62,87.3,15,30,3.1,7.1,0,Fastened,1.6,Vehicle,Yes,40,57,Yes,No,None,None,None
2025-05-13 12:00:00,LOD001,Loader,OP1004,9,Expert,7.3,T00304,Truck Loading,Zone C,Gravel,Clear,Dry,Day,1593.3,2.0,63,91.6,12,55,3.6,5.5,0,Unfastened,7.6,None,No,45,36,Yes,No,None,None,Excessive Idling
2025-05-13 12:00:00,LOD003,Loader,OP1003,10,Expert,6.7,T00310,Truck Loading,Zone C,Clay,Clear,Muddy,Day,1495.6,3.5,50,85.5,2,40,11.3,11.6,0,Fastened,3.3,None,No,52,52,No,No,None,None,None
2025-05-13 14:00:00,LOD002,Loader,OP1002,1,Certified,8.5,T00309,Grading,Zone B,Rock,Clear,Muddy,Day,1643.6,3.2,64,89.0,8,5,5.6,6.5,1,Fastened,27.0,None,No,101,134,No,No,None,None,None
2025-05-13 16:00:00,EXC004,Excavator,OP1001,5,Certified,11.4,T00298,Grading,Zone A,Sand,Clear,Wet,Day,1508.1,2.3,72,88.7,2,45,4.2,11.5,1,Unfastened,25.0,None,No,68,79,Yes,Yes,Tip-over Risk,Medium,Excessive Idling
2025-05-13 16:00:00,EXC005,Excavator,OP1007,6,Expert,11.3,T00302,Backfilling,Zone C,Clay,Fog,Wet,Day,1627.4,3.7,68,92.7,8,15,1.0,10.1,0,Fastened,36.5,None,No,69,77,No,No,None,None,None
2025-05-13 16:00:00,LOD001,Loader,OP1004,9,Expert,10.3,T00305,Backfilling,Zone B,Gravel,Clear,Dry,Day,1595.0,2.0,24,76.9,2,35,7.7,11.5,1,Unfastened,47.1,None,No,60,58,Yes,Yes,Collision,Low,None
2025-05-13 18:00:00,EXC002,Excavator,OP1005,9,Expert,0.2,T00292,Demolition,Zone D,Rock,Clear,Dry,Night,1469.2,3.2,39,95.3,5,30,8.1,11.7,1,Fastened,29.3,None,No,162,141,No,No,None,None,None
2025-05-13 18:00:00,EXC004,Excavator,OP1001,5,Certified,0.6,T00299,Truck Loading,Zone A,Sand,Clear,Dry,Night,1509.9,2.6,58,87.4,10,25,1.4,3.8,0,Fastened,26.7,None,No,40,42,No,No,None,None,None
2025-05-13 20:00:00,EXC002,Excavator,OP1005,9,Expert,3.1,T00293,Backfilling,Zone D,Clay,Clear,Dry,Night,1471.0,2.1,43,97.4,10,10,1.8,17.3,3,Fastened,15.5,None,No,69,65,No,No,None,None,Overspeed
2025-05-13 20:00:00,LOD001,Loader,OP1004,9,Expert,2.3,T00306,Grading,Zone D,Sand,Clear,Wet,Night,1596.1,1.2,44,83.7,15,10,5.7,10.9,1,Unfastened,14.7,None,No,68,64,Yes,Yes,Collision,Medium,None
2025-05-13 20:00:00,LOD003,Loader,OP1003,10,Expert,3.0,T00311,Trenching,Zone A,Gravel,Clear,Dry,Night,1498.8,3.8,80,95.0,12,20,7.8,21.8,3,Fastened,16.6,None,No,90,97,No,No,None,None,Overspeed
2025-05-13 22:00:00,EXC002,Excavator,OP1005,9,Expert,4.8,T00294,Trenching,Zone A,Rock,Dust,Dry,Night,1472.8,3.1,73,102.9,10,45,7.6,8.3,0,Fastened,16.0,None,No,122,127,Yes,No,None,None,Excessive Idling
2025-05-13 22:00:00,EXC004,Excavator,OP1001,5,Certified,5.1,T00300,Truck Loading,Zone A,Sand,Clear,Muddy,Night,1513.2,4.0,40,84.7,5,30,5.2,4.0,1,Unfastened,33.8,None,No,40,57,Yes,Yes,Tip-over Risk,Low,None
2025-05-13 22:00:00,EXC005,Excavator,OP1007,6,Expert,5.1,T00303,Trenching,Zone B,Clay,Rain,Wet,Night,1629.3,2.7,53,83.8,8,30,6.1,13.6,0,Fastened,24.9,None,No,103,116,No,No,None,None,None
2025-05-13 22:00:00,LOD003,Loader,OP1003,10,Expert,5.4,T00312,Demolition,Zone B,Sand,Fog,Wet,Night,1500.6,2.6,36,78.4,12,55,3.8,8.3,2,Fastened,8.0,None,No,108,115,Yes,No,None,None,Excessive Idling
2025-05-14 06:00:00,EXC003,Excavator,OP1006,0,Trainee,0.6,T00319,Demolition,Zone B,Rock,Rain,Dry,Day,1532.0,2.5,67,89.9,5,0,3.1,10.6,0,Fastened,18.0,None,No,162,225,No,No,None,None,None
2025-05-14 06:00:00,LOD002,Loader,OP1008,5,Certified,0.8,T00331,Trenching,Zone D,Rock,Clear,Dry,Day,1644.3,1.0,51,86.9,12,20,1.0,4.8,1,Unfastened,20.2,None,No,122,137,Yes,No,None,None,None
2025-05-14 08:00:00,EXC002,Excavator,OP1003,10,Expert,2.3,T00316,Demolition,Zone A,Gravel,Clear,Dry,Day,1475.5,3.7,40,95.9,0,45,5.8,7.6,0,Fastened,41.7,None,No,120,102,Yes,No,None,None,Excessive Idling
2025-05-14 10:00:00,EXC001,Excavator,OP1007,6,Expert,5.0,T00313,Demolition,Zone D,Sand,Clear,Dry,Day,1602.6,3.1,42,80.7,10,0,6.3,11.0,1,Fastened,39.2,None,No,108,89,No,No,None,None,None
2025-05-14 10:00:00,EXC002,Excavator,OP1003,10,Expert,5.0,T00317,Trenching,Zone B,Sand,Clear,Dry,Day,1477.3,3.3,60,101.9,15,60,9.2,4.3,0,Fastened,28.3,None,No,81,62,Yes,No,None,None,Excessive Idling
2025-05-14 10:00:00,EXC005,Excavator,OP1001,5,Certified,4.1,T00325,Truck Loading,Zone C,Clay,Clear,Muddy,Day,1632.1,3.8,50,87.0,12,35,7.5,6.7,0,Fastened,32.0,None,No,52,70,No,No,None,None,None
2025-05-14 10:00:00,LOD001,Loader,OP1005,9,Expert,4.4,T00328,Demolition,Zone D,Sand,Clear,Dry,Day,1599.0,3.5,51,86.6,10,45,6.0,8.9,1,Fastened,27.3,None,No,108,90,Yes,No,None,None,Excessive Idling
2025-05-14 12:00:00,EXC003,Excavator,OP1006,0,Trainee,6.5,T00320,Truck Loading,Zone D,Gravel,Clear,Dry,Day,1533.2,2.2,44,85.0,15,45,0.7,10.3,0,Fastened,24.2,None,No,45,58,Yes,Yes,Near Miss,Low,Excessive Idling
2025-05-14 12:00:00,EXC005,Excavator,OP1001,5,Certified,6.9,T00326,Grading,Zone B,Rock,Fog,Dry,Day,1633.9,2.9,68,90.6,8,35,2.5,5.4,0,Fastened,2.4,Structure,Yes,101,110,Yes,No,None,None,None
2025-05-14 12:00:00,LOD001,Loader,OP1005,9,Expert,6.8,T00329,Demolition,Zone C,Rock,Clear,Wet,Day,1600.8,2.7,53,83.9,10,55,1.9,4.7,1,Fastened,32.2,None,No,162,174,Yes,No,None,None,Excessive Idling
2025-05-14 12:00:00,LOD003,Loader,OP1004,9,Expert,6.4,T00334,Trenching,Zone C,Sand,Clear,Dry,Day,1501.4,1.1,65,88.5,5,15,15.6,6.0,3,Fastened,56.6,None,No,81,64,No,No,None,None,Unsafe Tilt
2025-05-14 14:00:00,EXC001,Excavator,OP1007,6,Expert,9.4,T00314,Demolition,Zone C,Clay,Clear,Dry,Day,1604.7,3.5,50,83.5,5,60,2.7,4.6,0,Fastened,31.1,None,No,138,129,Yes,No,None,None,Excessive Idling
2025-05-14 14:00:00,EXC003,Excavator,OP1006,0,Trainee,8.7,T00321,Backfilling,Zone B,Gravel,Clear,Dry,Day,1535.0,2.5,70,93.4,12,15,9.7,10.9,1,Fastened,14.2,None,No,60,65,No,No,None,None,None
2025-05-14 16:00:00,EXC002,Excavator,OP1003,10,Expert,10.0,T00318,Truck Loading,Zone D,Rock,Clear,Muddy,Day,1478.3,1.9,57,97.1,5,40,4.2,6.1,0,Fastened,21.7,None,No,61,68,No,No,None,None,None
2025-05-14 16:00:00,EXC004,Excavator,OP1002,1,Certified,10.1,T00322,Grading,Zone A,Sand,Rain,Muddy,Day,1516.3,4.6,60,88.7,8,45,5.9,13.3,0,Fastened,38.2,None,No,68,98,Yes,No,None,None,Excessive Idling
2025-05-14 16:00:00,LOD001,Loader,OP1005,9,Expert,10.7,T00330,Truck Loading,Zone A,Gravel,Rain,Dry,Day,1601.4,0.6,63,91.8,10,0,7.4,2.7,1,Fastened,2.3,Vehicle,Yes,45,41,Yes,No,None,None,None
2025-05-14 16:00:00,LOD003,Loader,OP1004,9,Expert,11.3,T00335,Truck Loading,Zone D,Sand,Clear,Dry,Day,1502.1,0.9,50,82.2,5,15,4.6,8.5,0,Fastened,4.2,None,No,40,39,No,No,None,None,None
2025-05-14 18:00:00,EXC004,Excavator,OP1002,1,Certified,1.4,T00323,Grading,Zone D,Rock,Rain,Dry,Night,1517.3,1.3,64,88.7,5,5,2.4,8.2,2,Fastened,3.6,None,No,101,138,No,No,None,None,None
2025-05-14 18:00:00,EXC005,Excavator,OP1001,5,Certified,1.2,T00327,Demolition,Zone A,Clay,Fog,Dry,Night,1636.6,4.1,70,91.4,2,40,18.4,8.4,5,Unfastened,22.8,None,No,138,167,Yes,No,None,None,Unsafe Tilt
2025-05-14 20:00:00,EXC001,Excavator,OP1007,6,Expert,2.7,T00315,Grading,Zone C,Gravel,Clear,Wet,Night,1607.4,3.5,62,85.9,10,20,0,7.3,0,Fastened,16.5,None,No,75,71,No,No,None,None,None
2025-05-14 20:00:00,LOD002,Loader,OP1008,5,Certified,2.6,T00332,Backfilling,Zone A,Gravel,Dust,Muddy,Night,1645.5,2.1,50,86.8,10,50,1.2,6.6,0,Fastened,22.5,None,No,60,100,Yes,No,None,None,Excessive Idling
2025-05-14 22:00:00,EXC004,Excavator,OP1002,1,Certified,5.1,T00324,Truck Loading,Zone D,Sand,Fog,Dry,Night,1518.9,3.0,72,92.7,15,50,3.9,3.2,1,Fastened,3.1,None,No,40,48,Yes,No,None,None,Excessive Idling
2025-05-14 22:00:00,LOD002,Loader,OP1008,5,Certified,4.1,T00333,Truck Loading,Zone A,Rock,Clear,Muddy,Night,1647.3,2.5,56,89.1,0,40,9.7,9.4,0,Fastened,31.1,None,No,61,80,Yes,Yes,Collision,Low,None
2025-05-14 22:00:00,LOD003,Loader,OP1004,9,Expert,5.0,T00336,Demolition,Zone D,Rock,Clear,Wet,Night,1503.0,1.2,81,94.5,15,15,4.5,18.3,3,Fastened,35.0,None,No,162,161,No,No,None,None,Overspeed
2025-05-15 06:00:00,EXC001,Excavator,OP1001,5,Certified,0.2,T00337,Trenching,Zone A,Gravel,Clear,Dry,Day,1609.5,2.3,36,83.5,10,10,6.7,6.9,0,Fastened,27.7,None,No,90,84,No,No,None,None,None
2025-05-15 06:00:00,EXC005,Excavator,OP1005,9,Expert,0.3,T00349,Truck Loading,Zone B,Gravel,Clear,Dry,Day,1638.0,2.5,58,88.5,0,45,4.7,8.3,0,Fastened,9.1,None,No,45,36,Yes,No,None,None,Excessive Idling
2025-05-15 08:00:00,EXC003,Excavator,OP1004,9,Expert,2.5,T00343,Trenching,Zone D,Clay,Clear,Dry,Day,1535.7,1.7,55,89.3,15,45,8.4,9.6,0,Fastened,36.4,None,No,103,97,Yes,No,None,None,Excessive Idling
2025-05-15 08:00:00,LOD003,Loader,OP1007,6,Expert,2.3,T00358,Demolition,Zone D,Clay,Clear,Dry,Day,1504.4,1.6,59,87.9,12,15,6.2,14.8,1,Fastened,13.1,None,No,138,111,No,No,None,None,None
2025-05-15 10:00:00,EXC004,Excavator,OP1003,10,Expert,4.6,T00346,Backfilling,Zone B,Sand,Clear,Dry,Day,1521.6,3.7,47,84.6,10,40,2.7,10.1,1,Fastened,58.2,None,No,54,43,No,No,None,None,None
2025-05-15 10:00:00,LOD003,Loader,OP1007,6,Expert,5.1,T00359,Demolition,Zone B,Gravel,Clear,Wet,Day,1506.2,1.9,69,92.5,0,5,6.2,13.2,0,Fastened,44.5,None,No,120,109,No,No,None,None,None
2025-05-15 12:00:00,EXC001,Excavator,OP1001,5,Certified,7.5,T00338,Backfilling,Zone A,Gravel,Dust,Dry,Day,1611.0,1.8,64,89.5,10,0,5.1,5.0,1,Unfastened,39.4,None,No,60,75,Yes,No,None,None,None
2025-05-15 12:00:00,EXC002,Excavator,OP1008,5,Certified,7.5,T00340,Backfilling,Zone A,Sand,Clear,Wet,Day,1478.9,1.1,36,95.8,12,25,5.1,6.4,0,Fastened,4.8,None,No,54,59,No,No,None,None,None
2025-05-15 12:00:00,EXC003,Excavator,OP1004,9,Expert,6.1,T00344,Trenching,Zone A,Clay,Dust,Dry,Day,1537.5,3.2,80,91.3,10,40,7.1,6.7,1,Fastened,51.1,None,No,103,109,No,No,None,None,None
2025-05-15 14:00:00,EXC001,Excavator,OP1001,5,Certified,9.2,T00339,Trenching,Zone D,Gravel,Fog,Dry,Day,1612.8,2.9,72,94.2,12,35,5.2,8.1,1,Unfastened,22.1,None,No,90,89,Yes,Yes,Tip-over Risk,Medium,None
2025-05-15 14:00:00,EXC004,Excavator,OP1003,10,Expert,9.0,T00347,Truck Loading,Zone D,Clay,Clear,Muddy,Day,1522.5,1.4,61,89.5,5,15,8.2,5.9,0,Fastened,11.2,None,No,52,58,No,No,None,None,None
2025-05-15 14:00:00,LOD001,Loader,OP1006,0,Trainee,8.6,T00352,Demolition,Zone B,Clay,Clear,Dry,Day,1604.7,3.5,70,93.6,8,10,2.5,6.5,0,Fastened,21.7,None,No,138,185,No,No,None,None,None
2025-05-15 16:00:00,EXC005,Excavator,OP1005,9,Expert,11.0,T00350,Demolition,Zone A,Rock,Clear,Muddy,Day,1641.3,4.2,51,84.9,2,25,2.5,12.5,0,Unfastened,18.4,None,No,162,161,Yes,Yes,Near Miss,Low,None
2025-05-15 18:00:00,LOD002,Loader,OP1002,1,Certified,0.9,T00355,Backfilling,Zone D,Sand,Clear,Wet,Night,1649.8,2.7,39,83.6,5,30,3.9,13.0,1,Unfastened,15.4,None,No,54,63,Yes,No,None,None,None
2025-05-15 18:00:00,LOD003,Loader,OP1007,6,Expert,1.3,T00360,Grading,Zone B,Rock,Clear,Dry,Night,1508.1,1.9,42,80.2,8,15,1.1,14.0,1,Unfastened,19.6,None,No,101,102,Yes,No,None,None,None
2025-05-15 20:00:00,EXC002,Excavator,OP1008,5,Certified,2.9,T00341,Demolition,Zone B,Gravel,Fog,Dry,Night,1480.1,1.8,42,93.6,10,30,0,6.0,0,Fastened,30.5,None,No,120,161,No,No,None,None,None
2025-05-15 20:00:00,EXC005,Excavator,OP1005,9,Expert,3.3,T00351,Demolition,Zone B,Rock,Rain,Wet,Night,1644.4,3.1,31,80.8,10,5,9.0,6.1,0,Fastened,17.7,None,No,162,214,No,No,None,None,None
2025-05-15 20:00:00,LOD001,Loader,OP1006,0,Trainee,2.7,T00353,Backfilling,Zone D,Rock,Clear,Dry,Night,1607.1,2.1,44,80.7,5,0,5.8,7.0,1,Fastened,10.4,None,No,81,112,No,No,None,None,None
2025-05-15 20:00:00,LOD002,Loader,OP1002,1,Certified,2.0,T00356,Truck Loading,Zone A,Gravel,Clear,Wet,Night,1650.7,1.2,55,87.6,5,20,0,4.7,0,Fastened,35.2,None,No,45,55,No,No,None,None,None
2025-05-15 22:00:00,EXC002,Excavator,OP1008,5,Certified,4.2,T00342,Backfilling,Zone A,Gravel,Fog,Dry,Night,1481.9,2.6,65,101.0,8,20,5.1,12.8,1,Fastened,3.2,None,No,60,68,No,No,None,None,Overheating
2025-05-15 22:00:00,EXC003,Excavator,OP1004,9,Expert,4.9,T00345,Demolition,Zone D,Clay,Clear,Wet,Night,1539.2,2.5,79,93.4,10,15,3.0,8.5,1,Fastened,28.6,None,No,138,162,No,No,None,None,None
2025-05-15 22:00:00,EXC004,Excavator,OP1003,10,Expert,4.2,T00348,Trenching,Zone B,Rock,Dust,Wet,Night,1525.6,3.5,30,80.9,8,25,5.6,5.8,1,Fastened,1.0,Vehicle,Yes,122,150,Yes,Yes,Near Miss,Low,None
2025-05-15 22:00:00,LOD001,Loader,OP1006,0,Trainee,4.2,T00354,Demolition,Zone C,Sand,Clear,Dry,Night,1608.7,2.1,51,88.3,12,35,9.6,8.1,0,Fastened,11.2,None,No,108,142,No,No,None,None,None
2025-05-15 22:00:00,LOD002,Loader,OP1002,1,Certified,4.9,T00357,Demolition,Zone D,Rock,Clear,Dry,Night,1652.5,1.6,40,84.4,2,5,3.6,11.0,1,Fastened,17.9,None,No,162,188,No,No,None,None,None
2025-05-16 06:00:00,EXC003,Excavator,OP1007,6,Expert,0.6,T00367,Truck Loading,Zone B,Rock,Rain,Dry,Day,1540.6,2.0,61,87.2,15,20,3.9,13.2,1,Fastened,27.2,None,No,61,64,No,No,None,None,None
2025-05-16 06:00:00,EXC005,Excavator,OP1001,5,Certified,1.2,T00373,Backfilling,Zone A,Rock,Clear,Dry,Day,1646.8,2.7,42,83.6,12,10,12.4,6.9,1,Fastened,6.2,None,No,81,81,No,No,None,None,None
2025-05-16 08:00:00,EXC002,Excavator,OP1008,5,Certified,2.3,T00364,Trenching,Zone C,Gravel,Clear,Dry,Day,1483.6,3.2,63,103.0,8,55,6.4,5.9,1,Fastened,4.9,None,No,90,86,Yes,No,None,None,Excessive Idling
2025-05-16 08:00:00,EXC003,Excavator,OP1007,6,Expert,3.1,T00368,Truck Loading,Zone B,Clay,Fog,Wet,Day,1542.1,2.3,64,86.6,12,25,8.9,8.9,0,Unfastened,5.0,None,No,52,49,Yes,Yes,Tip-over Risk,Medium,None
2025-05-16 08:00:00,LOD002,Loader,OP1006,0,Trainee,2.9,T00379,Demolition,Zone B,Clay,Clear,Dry,Day,1655.1,3.2,24,79.9,15,60,6.3,5.8,0,Unfastened,42.3,None,No,138,183,Yes,Yes,Tip-over Risk,Low,Excessive Idling
2025-05-16 10:00:00,EXC002,Excavator,OP1008,5,Certified,5.0,T00365,Trenching,Zone D,Sand,Clear,Dry,Day,1485.2,2.6,84,108.2,2,25,4.7,1.1,0,Fastened,58.4,None,No,81,93,No,No,None,None,Overheating
2025-05-16 10:00:00,EXC004,Excavator,OP1005,9,Expert,5.4,T00370,Backfilling,Zone A,Rock,Fog,Muddy,Day,1527.5,2.9,54,85.9,2,35,8.3,7.1,0,Fastened,10.1,None,No,81,95,No,No,None,None,None
2025-05-16 10:00:00,EXC005,Excavator,OP1001,5,Certified,5.2,T00374,Truck Loading,Zone B,Gravel,Dust,Dry,Day,1648.3,2.7,61,89.5,15,45,5.0,5.2,0,Fastened,25.5,None,No,45,48,Yes,Yes,Near Miss,Low,Excessive Idling
2025-05-16 10:00:00,LOD002,Loader,OP1006,0,Trainee,5.4,T00380,Backfilling,Zone B,Gravel,Rain,Wet,Day,1656.6,2.1,74,92.2,10,30,3.0,6.9,1,Unfastened,4.8,None,No,60,104,Yes,Yes,Tip-over Risk,Medium,None
2025-05-16 10:00:00,LOD003,Loader,OP1003,10,Expert,5.2,T00382,Truck Loading,Zone A,Sand,Clear,Dry,Day,1511.0,4.0,64,88.9,2,60,2.0,10.7,1,Fastened,21.8,None,No,40,35,Yes,No,None,None,Excessive Idling
2025-05-16 12:00:00,EXC001,Excavator,OP1004,9,Expert,6.7,T00361,Demolition,Zone D,Clay,Clear,Wet,Day,1614.1,1.7,47,81.3,8,15,6.2,7.6,0,Fastened,28.2,None,No,138,138,No,No,None,None,None
2025-05-16 16:00:00,EXC001,Excavator,OP1004,9,Expert,11.0,T00362,Backfilling,Zone D,Sand,Fog,Wet,Day,1616.7,2.9,50,84.3,0,0,8.6,8.4,0,Fastened,13.8,None,No,54,50,No,No,None,None,None
2025-05-16 16:00:00,EXC002,Excavator,OP1008,5,Certified,11.0,T00366,Grading,Zone A,Rock,Clear,Wet,Day,1486.7,2.3,57,105.0,8,30,9.0,3.2,0,Fastened,45.7,None,No,101,117,No,No,None,None,Overheating
2025-05-16 16:00:00,LOD001,Loader,OP1002,1,Certified,11.1,T00376,Grading,Zone A,Clay,Clear,Dry,Day,1609.2,1.7,57,86.9,10,60,0,5.4,1,Unfastened,49.2,None,No,86,78,Yes,No,None,None,Excessive Idling
2025-05-16 18:00:00,EXC004,Excavator,OP1005,9,Expert,0.0,T00371,Grading,Zone D,Rock,Dust,Muddy,Night,1529.5,2.5,42,82.1,8,20,1.9,10.6,0,Fastened,16.0,None,No,101,151,No,No,None,None,None
2025-05-16 18:00:00,LOD002,Loader,OP1006,0,Trainee,1.0,T00381,Backfilling,Zone B,Sand,Clear,Dry,Night,1659.5,3.5,69,91.1,5,30,11.6,6.9,1,Fastened,21.5,None,No,54,67,No,No,None,None,None
2025-05-16 18:00:00,LOD003,Loader,OP1003,10,Expert,1.5,T00383,Demolition,Zone B,Rock,Clear,Wet,Night,1511.9,1.4,60,89.4,15,30,3.2,7.7,0,Fastened,17.9,None,No,162,169,No,No,None,None,None
2025-05-16 20:00:00,EXC005,Excavator,OP1001,5,Certified,2.2,T00375,Truck Loading,Zone B,Sand,Clear,Dry,Night,1650.5,3.2,37,81.8,5,50,7.3,9.3,1,Fastened,12.7,None,No,40,49,Yes,No,None,None,Excessive Idling
2025-05-16 20:00:00,LOD001,Loader,OP1002,1,Certified,3.0,T00377,Trenching,Zone C,Gravel,Fog,Dry,Night,1610.8,2.4,58,85.1,8,45,4.7,12.8,0,Fastened,24.9,None,No,90,118,Yes,No,None,None,Excessive Idling
2025-05-16 22:00:00,EXC001,Excavator,OP1004,9,Expert,5.0,T00363,Trenching,Zone D,Clay,Rain,Dry,Night,1617.8,1.6,58,89.9,0,15,7.2,20.7,4,Fastened,8.4,None,No,103,119,No,No,None,None,Overspeed
2025-05-16 22:00:00,EXC003,Excavator,OP1007,6,Expert,4.4,T00369,Backfilling,Zone B,Gravel,Rain,Dry,Night,1542.8,0.9,35,79.1,5,10,6.4,15.0,3,Fastened,15.5,None,No,60,62,No,No,None,None,Overspeed
2025-05-16 22:00:00,EXC004,Excavator,OP1005,9,Expert,5.4,T00372,Demolition,Zone C,Rock,Rain,Wet,Night,1532.2,3.7,82,95.4,10,10,6.2,6.6,0,Fastened,24.7,None,No,162,221,No,No,None,None,None
2025-05-16 22:00:00,LOD001,Loader,OP1002,1,Certified,4.8,T00378,Trenching,Zone A,Gravel,Rain,Muddy,Night,1612.6,2.4,57,88.5,10,35,8.4,3.9,2,Fastened,23.9,None,No,90,166,No,No,None,None,None
2025-05-16 22:00:00,LOD003,Loader,OP1003,10,Expert,5.5,T00384,Truck Loading,Zone D,Clay,Clear,Wet,Night,1514.4,2.7,43,84.1,12,30,4.6,9.9,0,Fastened,21.1,None,No,52,62,No,No,None,None,None
2025-05-17 06:00:00,EXC002,Excavator,OP1004,9,Expert,0.8,T00388,Demolition,Zone A,Rock,Clear,Dry,Day,1488.8,2.5,56,105.2,12,5,0,6.5,0,Fastened,8.3,None,No,162,149,No,No,None,None,Overheating
2025-05-17 06:00:00,LOD002,Loader,OP1003,10,Expert,0.4,T00403,Grading,Zone B,Rock,Clear,Dry,Day,1660.8,2.4,59,90.2,1,55,8.3,10.9,2,Fastened,6.7,None,No,101,78,Yes,Yes,Tip-over Risk,Medium,Excessive Idling
2025-05-17 06:00:00,LOD003,Loader,OP1001,5,Certified,0.4,T00406,Grading,Zone A,Clay,Fog,Wet,Day,1517.8,4.4,82,92.6,8,35,0,4.1,1,Fastened,11.9,None,No,86,108,No,No,None,None,None
2025-05-17 08:00:00,EXC001,Excavator,OP1005,9,Expert,3.2,T00385,Trenching,Zone A,Gravel,Rain,Muddy,Day,1618.9,1.8,74,89.8,15,20,0,8.4,1,Fastened,36.0,None,No,90,103,No,No,None,None,None
2025-05-17 10:00:00,EXC001,Excavator,OP1005,9,Expert,4.9,T00386,Trenching,Zone B,Clay,Clear,Dry,Day,1620.6,2.8,62,89.6,2,40,0,2.6,1,Fastened,27.3,None,No,103,92,No,No,None,None,Excessive Idling
2025-05-17 10:00:00,EXC003,Excavator,OP1006,0,Trainee,4.1,T00391,Backfilling,Zone B,Sand,Clear,Wet,Day,1544.1,1.4,40,83.9,10,5,8.2,6.5,1,Fastened,2.5,Structure,Yes,54,82,Yes,Yes,Collision,Low,None
2025-05-17 10:00:00,EXC004,Excavator,OP1002,1,Certified,4.9,T00394,Grading,Zone D,Sand,Rain,Dry,Day,1533.5,1.9,52,88.3,12,25,8.1,9.0,0,Unfastened,25.0,None,No,68,89,Yes,No,None,None,None
2025-05-17 10:00:00,LOD003,Loader,OP1001,5,Certified,4.3,T00407,Demolition,Zone C,Rock,Clear,Dry,Day,1520.4,2.7,66,87.0,10,5,5.6,13.1,0,Fastened,38.9,None,No,162,174,No,No,None,None,None
2025-05-17 12:00:00,EXC001,Excavator,OP1005,9,Expert,6.1,T00387,Demolition,Zone A,Sand,Clear,Muddy,Day,1622.4,1.9,43,85.9,10,0,3.4,7.5,1,Fastened,51.9,None,No,108,117,No,No,None,None,None
2025-05-17 12:00:00,EXC002,Excavator,OP1004,9,Expert,6.2,T00389,Truck Loading,Zone C,Clay,Fog,Dry,Day,1489.9,1.5,40,100.7,8,15,18.0,11.4,3,Fastened,5.6,None,No,52,53,No,No,None,None,Overheating
2025-05-17 12:00:00,EXC003,Excavator,OP1006,0,Trainee,6.8,T00392,Trenching,Zone C,Gravel,Fog,Dry,Day,1544.8,0.8,66,92.5,5,0,4.7,10.6,1,Fastened,48.6,None,No,90,125,No,No,None,None,None
2025-05-17 12:00:00,EXC004,Excavator,OP1002,1,Certified,6.1,T00395,Trenching,Zone A,Sand,Clear,Dry,Day,1535.3,2.3,76,95.4,12,0,3.6,3.4,1,Fastened,8.4,None,No,81,92,No,No,None,None,Overheating
2025-05-17 12:00:00,EXC005,Excavator,OP1008,5,Certified,6.3,T00397,Grading,Zone A,Sand,Clear,Dry,Day,1653.9,3.9,28,81.0,0,30,9.2,1.7,0,Unfastened,51.1,None,No,68,65,Yes,Yes,Near Miss,Medium,None
2025-05-17 14:00:00,LOD001,Loader,OP1007,6,Expert,8.7,T00400,Truck Loading,Zone D,Gravel,Clear,Muddy,Day,1615.1,2.5,57,85.0,8,5,5.4,8.2,0,Fastened,35.2,None,No,45,53,No,No,None,None,None
2025-05-17 14:00:00,LOD002,Loader,OP1003,10,Expert,8.2,T00404,Grading,Zone B,Gravel,Rain,Dry,Day,1662.4,1.9,55,87.0,12,20,3.5,6.9,0,Unfastened,5.4,None,No,75,73,Yes,No,None,None,None
2025-05-17 14:00:00,LOD003,Loader,OP1001,5,Certified,9.2,T00408,Trenching,Zone C,Gravel,Clear,Muddy,Day,1522.5,2.2,65,92.4,5,5,3.5,10.8,1,Fastened,16.1,None,No,90,126,No,No,None,None,Excessive Idling
2025-05-17 18:00:00,EXC002,Excavator,OP1004,9,Expert,0.7,T00390,Grading,Zone A,Sand,Rain,Dry,Night,1491.3,2.6,57,103.4,2,50,6.6,7.2,2,Fastened,9.8,None,No,68,67,Yes,No,None,None,Excessive Idling
2025-05-17 18:00:00,EXC003,Excavator,OP1006,0,Trainee,0.5,T00393,Grading,Zone A,Gravel,Fog,Dry,Night,1547.0,2.8,53,86.1,8,15,0,10.0,0,Fastened,18.8,None,No,75,120,No,No,None,None,None
2025-05-17 18:00:00,EXC005,Excavator,OP1008,5,Certified,0.5,T00398,Truck Loading,Zone C,Rock,Clear,Dry,Night,1654.4,1.5,27,75.1,8,50,8.5,8.0,1,Fastened,32.2,None,No,61,65,Yes,No,None,None,Excessive Idling
2025-05-17 18:00:00,LOD001,Loader,OP1007,6,Expert,0.7,T00401,Backfilling,Zone D,Clay,Clear,Dry,Night,1616.5,2.3,87,94.6,5,40,0,9.5,2,Fastened,18.4,None,No,69,68,No,No,None,None,None
2025-05-17 20:00:00,EXC005,Excavator,OP1008,5,Certified,2.4,T00399,Backfilling,Zone B,Sand,Clear,Dry,Night,1656.2,2.2,57,86.5,12,5,5.8,9.4,0,Fastened,24.1,None,No,54,60,No,No,None,None,None
2025-05-17 20:00:00,LOD001,Loader,OP1007,6,Expert,3.5,T00402,Truck Loading,Zone A,Sand,Clear,Dry,Night,1618.3,2.0,50,82.3,15,20,4.1,6.5,2,Fastened,17.6,None,No,40,44,No,No,None,None,None
2025-05-17 22:00:00,EXC004,Excavator,OP1002,1,Certified,5.4,T00396,Backfilling,Zone B,Gravel,Dust,Wet,Night,1538.0,4.2,53,85.6,15,55,4.2,12.6,0,Fastened,13.6,None,No,60,92,Yes,Yes,Collision,High,Excessive Idling
2025-05-17 22:00:00,LOD002,Loader,OP1003,10,Expert,5.1,T00405,Truck Loading,Zone A,Sand,Clear,Dry,Night,1665.9,4.5,66,88.9,12,55,1.8,7.0,0,Fastened,19.1,None,No,40,42,Yes,No,None,None,Excessive Idling
2025-05-18 06:00:00,EXC002,Excavator,OP1006,0,Trainee,0.1,T00412,Trenching,Zone B,Rock,Clear,Dry,Day,1493.4,2.6,47,102.2,8,15,11.6,6.6,0,Unfastened,14.2,None,No,122,139,Yes,No,None,None,Overheating
2025-05-18 06:00:00,EXC005,Excavator,OP1002,1,Certified,1.4,T00421,Grading,Zone D,Gravel,Clear,Dry,Day,1656.7,0.7,49,87.1,8,5,2.6,20.6,2,Fastened,51.3,None,No,75,75,No,No,None,None,Overspeed
2025-05-18 06:00:00,LOD001,Loader,OP1004,9,Expert,0.4,T00424,Trenching,Zone B,Clay,Rain,Dry,Day,1619.9,2.0,23,79.5,15,40,7.4,5.2,1,Fastened,37.6,None,No,103,116,No,No,None,None,None
2025-05-18 06:00:00,LOD002,Loader,OP1001,5,Certified,0.8,T00427,Truck Loading,Zone C,Sand,Clear,Muddy,Day,1669.2,4.2,65,87.8,1,45,0,13.0,1,Fastened,6.8,None,No,40,55,Yes,Yes,Collision,Low,Excessive Idling
2025-05-18 08:00:00,EXC002,Excavator,OP1006,0,Trainee,2.4,T00413,Grading,Zone C,Clay,Dust,Muddy,Day,1494.1,0.8,35,98.6,10,5,4.2,6.7,0,Fastened,7.1,None,No,86,160,No,No,None,None,None
2025-05-18 08:00:00,EXC003,Excavator,OP1003,10,Expert,3.2,T00415,Truck Loading,Zone D,Rock,Clear,Dry,Day,1549.5,3.6,76,93.0,8,25,7.4,8.8,0,Fastened,7.8,None,No,61,53,No,No,None,None,None
2025-05-18 10:00:00,LOD001,Loader,OP1004,9,Expert,4.7,T00425,Demolition,Zone C,Gravel,Clear,Dry,Day,1621.9,3.5,95,95.8,12,60,7.2,6.8,0,Fastened,23.2,None,No,120,103,Yes,No,None,None,Excessive Idling
2025-05-18 10:00:00,LOD003,Loader,OP1008,5,Certified,5.5,T00430,Truck Loading,Zone D,Sand,Rain,Wet,Day,1523.3,1.0,63,91.6,5,10,9.2,6.3,1,Fastened,5.0,None,No,40,54,No,No,None,None,None
2025-05-18 12:00:00,EXC001,Excavator,OP1007,6,Expert,6.9,T00409,Backfilling,Zone D,Sand,Clear,Wet,Day,1625.5,3.6,59,89.9,15,0,6.7,3.2,1,Fastened,10.6,None,No,54,50,No,No,None,None,None
2025-05-18 12:00:00,EXC004,Excavator,OP1005,9,Expert,7.1,T00418,Trenching,Zone A,Gravel,Clear,Muddy,Day,1539.8,2.9,83,96.0,12,25,5.4,2.7,0,Fastened,42.9,None,No,90,87,No,No,None,None,None
2025-05-18 14:00:00,EXC001,Excavator,OP1007,6,Expert,8.6,T00410,Trenching,Zone A,Sand,Clear,Dry,Day,1627.3,2.9,71,88.4,8,35,8.8,20.8,2,Fastened,46.4,None,No,81,73,No,No,None,None,Overspeed
2025-05-18 14:00:00,EXC004,Excavator,OP1005,9,Expert,8.2,T00419,Demolition,Zone B,Rock,Rain,Dry,Day,1541.6,3.2,75,90.0,8,45,4.4,3.7,1,Fastened,4.2,None,No,162,145,Yes,Yes,Collision,Low,Excessive Idling
2025-05-18 14:00:00,LOD001,Loader,OP1004,9,Expert,9.3,T00426,Backfilling,Zone C,Clay,Clear,Wet,Day,1623.1,1.1,51,87.8,8,0,0,8.8,1,Unfastened,29.7,None,No,69,73,Yes,No,None,None,None
2025-05-18 14:00:00,LOD002,Loader,OP1001,5,Certified,8.4,T00428,Backfilling,Zone C,Sand,Clear,Dry,Day,1671.8,3.6,52,88.3,8,60,6.9,2.9,0,Fastened,54.8,None,No,54,61,Yes,No,None,None,Excessive Idling
2025-05-18 16:00:00,EXC003,Excavator,OP1003,10,Expert,10.5,T00416,Truck Loading,Zone A,Clay,Dust,Dry,Day,1551.4,2.2,27,78.4,12,20,6.4,6.2,1,Fastened,4.7,None,No,52,54,No,No,None,None,None
2025-05-18 16:00:00,EXC005,Excavator,OP1002,1,Certified,10.4,T00422,Backfilling,Zone A,Clay,Dust,Dry,Day,1657.7,1.1,46,83.8,10,5,0,5.2,0,Fastened,8.7,None,No,69,72,No,No,None,None,None
2025-05-18 16:00:00,LOD003,Loader,OP1008,5,Certified,11.5,T00431,Grading,Zone D,Gravel,Clear,Wet,Day,1525.0,2.1,64,89.5,2,20,8.6,10.6,0,Fastened,37.6,None,No,75,77,No,No,None,None,None
2025-05-18 18:00:00,EXC002,Excavator,OP1006,0,Trainee,1.0,T00414,Trenching,Zone B,Clay,Fog,Dry,Night,1497.4,5.2,82,109.3,8,45,4.2,7.8,0,Fastened,27.8,None,No,103,137,Yes,Yes,Collision,Low,Excessive Idling
2025-05-18 18:00:00,EXC003,Excavator,OP1003,10,Expert,0.2,T00417,Backfilling,Zone A,Gravel,Rain,Wet,Night,1553.2,3.4,69,88.2,12,60,5.5,3.0,0,Fastened,26.9,None,No,60,66,Yes,No,None,None,Excessive Idling
2025-05-18 20:00:00,EXC004,Excavator,OP1005,9,Expert,2.2,T00420,Demolition,Zone A,Gravel,Clear,Dry,Night,1542.3,0.9,63,87.1,5,0,4.0,8.1,1,Fastened,35.5,None,No,120,106,No,No,None,None,None
2025-05-18 20:00:00,LOD002,Loader,OP1001,5,Certified,3.2,T00429,Demolition,Zone A,Sand,Rain,Dry,Night,1674.0,2.9,52,87.0,10,45,24.0,11.2,3,Fastened,19.0,None,No,108,130,Yes,Yes,Collision,High,Excessive Idling
2025-05-18 20:00:00,LOD003,Loader,OP1008,5,Certified,3.3,T00432,Trenching,Zone A,Clay,Rain,Dry,Night,1528.5,4.6,68,90.9,12,55,6.9,7.2,1,Fastened,14.1,None,No,103,137,Yes,Yes,Collision,High,Excessive Idling
2025-05-18 22:00:00,EXC001,Excavator,OP1007,6,Expert,4.4,T00411,Demolition,Zone A,Clay,Dust,Dry,Night,1630.6,4.6,60,88.4,5,35,8.3,9.4,1,Fastened,25.1,None,No,138,157,No,No,None,None,None
2025-05-18 22:00:00,EXC005,Excavator,OP1002,1,Certified,4.9,T00423,Trenching,Zone B,Rock,Clear,Wet,Night,1661.0,3.8,28,76.3,2,30,5.1,0.4,0,Fastened,4.0,None,No,122,138,No,No,None,None,None
2025-05-19 06:00:00,EXC005,Excavator,OP1005,9,Expert,0.1,T00445,Demolition,Zone C,Rock,Rain,Muddy,Day,1662.5,2.1,67,92.2,2,15,8.2,5.1,0,Fastened,29.2,None,No,162,207,No,No,None,None,None
2025-05-19 06:00:00,LOD001,Loader,OP1001,5,Certified,0.3,T00448,Demolition,Zone C,Rock,Clear,Muddy,Day,1623.7,0.6,37,78.4,8,5,5.0,11.5,1,Fastened,18.3,None,No,162,187,No,No,None,None,None
2025-05-19 06:00:00,LOD002,Loader,OP1002,1,Certified,0.7,T00451,Truck Loading,Zone A,Gravel,Clear,Wet,Day,1675.5,2.0,85,95.3,8,20,5.0,12.5,1,Fastened,18.4,None,No,45,45,No,No,None,None,None
2025-05-19 08:00:00,EXC004,Excavator,OP1008,5,Certified,3.1,T00442,Grading,Zone B,Sand,Clear,Dry,Day,1543.8,1.6,36,81.3,5,5,6.2,8.6,1,Fastened,1.3,Vehicle,Yes,68,62,Yes,Yes,Collision,Low,None
2025-05-19 08:00:00,EXC005,Excavator,OP1005,9,Expert,2.4,T00446,Backfilling,Zone A,Sand,Clear,Dry,Day,1664.3,2.9,42,80.8,10,50,0.9,16.5,2,Fastened,7.2,None,No,54,42,Yes,Yes,Tip-over Risk,Medium,Excessive Idling
2025-05-19 10:00:00,EXC001,Excavator,OP1006,0,Trainee,5.3,T00433,Backfilling,Zone A,Sand,Dust,Dry,Day,1631.9,1.9,66,90.4,2,15,0,17.1,2,Fastened,39.0,None,No,54,64,No,No,None,None,Overspeed
2025-05-19 10:00:00,EXC005,Excavator,OP1005,9,Expert,4.8,T00447,Grading,Zone B,Rock,Fog,Dry,Day,1665.7,1.7,35,78.7,15,15,6.2,10.9,1,Unfastened,35.1,None,No,101,84,Yes,Yes,Collision,Medium,None
2025-05-19 10:00:00,LOD002,Loader,OP1002,1,Certified,5.2,T00452,Grading,Zone D,Rock,Rain,Muddy,Day,1676.3,1.1,69,92.0,8,15,5.2,8.9,0,Fastened,7.7,None,No,101,140,No,No,None,None,None
2025-05-19 10:00:00,LOD003,Loader,OP1003,10,Expert,5.4,T00454,Grading,Zone D,Rock,Dust,Dry,Day,1530.0,2.5,59,89.5,10,50,3.7,8.7,0,Fastened,55.7,None,No,101,90,Yes,Yes,Tip-over Risk,Low,Excessive Idling
2025-05-19 12:00:00,EXC002,Excavator,OP1007,6,Expert,7.2,T00436,Grading,Zone C,Clay,Clear,Dry,Day,1500.3,4.7,81,110.0,15,50,9.4,7.9,1,Fastened,54.9,None,No,86,66,Yes,Yes,Near Miss,Low,Excessive Idling
2025-05-19 12:00:00,LOD001,Loader,OP1001,5,Certified,6.9,T00449,Backfilling,Zone A,Rock,Rain,Wet,Day,1625.8,2.1,67,87.5,5,0,5.5,8.6,2,Fastened,7.0,None,No,81,117,No,No,None,None,None
2025-05-19 14:00:00,EXC001,Excavator,OP1006,0,Trainee,9.2,T00434,Demolition,Zone B,Rock,Dust,Dry,Day,1634.8,3.7,61,89.6,8,15,6.8,10.9,1,Fastened,55.1,None,No,162,231,No,No,None,None,None
2025-05-19 14:00:00,EXC003,Excavator,OP1004,9,Expert,9.4,T00439,Grading,Zone B,Sand,Rain,Muddy,Day,1556.5,4.3,56,88.6,8,30,2.4,1.8,1,Fastened,49.1,None,No,68,80,No,No,None,None,None
2025-05-19 16:00:00,EXC002,Excavator,OP1007,6,Expert,10.0,T00437,Trenching,Zone D,Sand,Clear,Dry,Day,1501.0,1.0,64,107.6,12,5,5.1,16.0,3,Unfastened,36.4,None,No,81,78,Yes,Yes,Tip-over Risk,Medium,Overheating
2025-05-19 16:00:00,EXC004,Excavator,OP1008,5,Certified,10.8,T00443,Trenching,Zone D,Clay,Clear,Wet,Day,1545.3,2.4,40,80.9,5,40,7.2,4.4,1,Fastened,58.1,None,No,103,123,No,No,None,None,None
2025-05-19 16:00:00,LOD002,Loader,OP1002,1,Certified,11.1,T00453,Backfilling,Zone B,Sand,Clear,Dry,Day,1676.9,0.9,57,89.6,10,20,6.2,9.9,1,Fastened,54.8,None,No,54,56,No,No,None,None,None
2025-05-19 18:00:00,EXC003,Excavator,OP1004,9,Expert,0.9,T00440,Demolition,Zone C,Gravel,Fog,Wet,Night,1558.3,3.1,55,87.1,12,55,8.1,11.5,0,Fastened,29.2,None,No,120,134,Yes,No,None,None,Excessive Idling
2025-05-19 18:00:00,EXC004,Excavator,OP1008,5,Certified,0.6,T00444,Trenching,Zone A,Sand,Fog,Dry,Night,1547.1,2.8,56,88.1,12,35,6.3,19.8,1,Fastened,28.4,None,No,81,109,No,No,None,None,Overspeed
2025-05-19 20:00:00,EXC003,Excavator,OP1004,9,Expert,2.3,T00441,Truck Loading,Zone C,Gravel,Clear,Dry,Night,1559.5,2.1,59,86.6,10,35,8.8,10.2,1,Fastened,20.5,None,No,45,39,No,No,None,None,None
2025-05-19 20:00:00,LOD003,Loader,OP1003,10,Expert,3.5,T00455,Truck Loading,Zone D,Gravel,Clear,Wet,Night,1532.4,2.6,51,84.1,0,25,4.5,7.9,0,Fastened,10.6,None,No,45,43,Yes,No,None,None,None
2025-05-19 22:00:00,EXC001,Excavator,OP1006,0,Trainee,4.2,T00435,Trenching,Zone A,Clay,Clear,Wet,Night,1636.3,2.4,60,87.3,0,35,4.4,10.2,1,Fastened,9.1,None,No,103,160,Yes,No,None,None,None
2025-05-19 22:00:00,EXC002,Excavator,OP1007,6,Expert,5.4,T00438,Trenching,Zone B,Clay,Clear,Dry,Night,1502.1,1.5,75,108.3,0,5,7.3,8.4,1,Fastened,17.2,None,No,103,111,No,No,None,None,Overheating
2025-05-19 22:00:00,LOD001,Loader,OP1001,5,Certified,5.3,T00450,Truck Loading,Zone B,Sand,Clear,Dry,Night,1627.1,1.0,32,79.5,10,0,4.9,9.8,0,Fastened,7.3,None,No,40,48,No,No,None,None,None
2025-05-19 22:00:00,LOD003,Loader,OP1003,10,Expert,5.2,T00456,Trenching,Zone B,Gravel,Dust,Dry,Night,1533.4,1.3,41,84.2,1,25,5.5,1.1,1,Fastened,11.3,None,No,90,99,No,No,None,None,None
2025-05-20 06:00:00,EXC002,Excavator,OP1006,0,Trainee,1.0,T00460,Trenching,Zone A,Sand,Clear,Dry,Day,1502.9,1.3,29,96.5,0,25,9.3,8.9,1,Fastened,37.2,None,No,81,90,Yes,Yes,Tip-over Risk,Medium,None
2025-05-20 06:00:00,EXC004,Excavator,OP1005,9,Expert,1.2,T00466,Grading,Zone A,Rock,Clear,Wet,Day,1550.3,4.2,59,89.7,10,25,6.9,4.0,2,Fastened,26.9,None,No,101,108,No,No,None,None,None
2025-05-20 08:00:00,EXC004,Excavator,OP1005,9,Expert,3.3,T00467,Truck Loading,Zone A,Gravel,Clear,Dry,Day,1552.1,2.6,87,94.6,5,10,2.5,13.5,1,Fastened,20.9,None,No,45,40,No,No,None,None,None
2025-05-20 08:00:00,EXC005,Excavator,OP1002,1,Certified,3.4,T00469,Trenching,Zone A,Gravel,Dust,Dry,Day,1668.9,4.4,66,87.1,1,25,4.2,3.7,0,Fastened,51.1,None,No,90,104,No,No,None,None,None
2025-05-20 10:00:00,EXC001,Excavator,OP1007,6,Expert,4.3,T00457,Grading,Zone B,Rock,Clear,Muddy,Day,1637.7,1.9,41,83.6,2,20,11.5,5.2,1,Fastened,34.0,None,No,101,109,No,No,None,None,None
2025-05-20 10:00:00,EXC003,Excavator,OP1003,10,Expert,5.1,T00463,Truck Loading,Zone C,Gravel,Dust,Dry,Day,1561.0,2.8,48,85.7,8,60,3.8,6.7,0,Fastened,21.2,None,No,45,47,Yes,No,None,None,Excessive Idling
2025-05-20 12:00:00,EXC004,Excavator,OP1005,9,Expert,7.4,T00468,Backfilling,Zone A,Clay,Clear,Muddy,Day,1554.1,2.1,46,86.1,10,0,6.0,9.6,2,Fastened,54.8,None,No,69,84,No,No,None,None,None
2025-05-20 12:00:00,LOD001,Loader,OP1008,5,Certified,7.1,T00472,Truck Loading,Zone C,Rock,Dust,Wet,Day,1630.0,3.2,52,85.6,10,25,9.6,11.8,0,Fastened,7.8,None,No,61,72,No,No,None,None,None
2025-05-20 14:00:00,EXC001,Excavator,OP1007,6,Expert,8.6,T00458,Demolition,Zone B,Gravel,Clear,Dry,Day,1640.5,4.6,82,92.4,12,50,6.9,3.0,1,Fastened,6.0,None,No,120,108,Yes,Yes,Tip-over Risk,Low,Excessive Idling
2025-05-20 14:00:00,EXC002,Excavator,OP1006,0,Trainee,9.0,T00461,Truck Loading,Zone B,Sand,Clear,Dry,Day,1504.0,1.5,48,104.6,15,20,2.4,18.2,4,Fastened,21.2,None,No,40,52,No,No,None,None,Overheating
2025-05-20 14:00:00,LOD003,Loader,OP1004,9,Expert,8.5,T00478,Truck Loading,Zone C,Clay,Dust,Dry,Day,1535.6,2.6,66,87.5,12,25,5.6,8.9,1,Fastened,29.9,None,No,52,54,No,No,None,None,None
2025-05-20 16:00:00,EXC003,Excavator,OP1003,10,Expert,11.2,T00464,Trenching,Zone B,Sand,Clear,Dry,Day,1561.7,2.0,82,96.0,8,55,4.4,9.5,0,Fastened,25.8,None,No,81,78,Yes,Yes,Tip-over Risk,Low,Excessive Idling
2025-05-20 18:00:00,EXC001,Excavator,OP1007,6,Expert,0.9,T00459,Demolition,Zone C,Rock,Fog,Dry,Night,1643.5,4.0,50,85.4,8,35,1.6,12.2,2,Fastened,22.9,None,No,162,169,No,No,None,None,None
2025-05-20 18:00:00,EXC005,Excavator,OP1002,1,Certified,0.0,T00470,Truck Loading,Zone A,Rock,Clear,Dry,Night,1669.6,1.1,48,84.0,10,20,5.7,10.9,0,Fastened,2.6,Person,Yes,61,74,Yes,Yes,Near Miss,Low,None
2025-05-20 18:00:00,LOD002,Loader,OP1001,5,Certified,1.1,T00475,Trenching,Zone D,Clay,Dust,Muddy,Night,1679.6,2.7,34,81.8,15,25,7.2,11.3,0,Fastened,32.8,None,No,103,155,No,No,None,None,None
2025-05-20 20:00:00,EXC002,Excavator,OP1006,0,Trainee,2.1,T00462,Demolition,Zone A,Rock,Dust,Dry,Night,1506.5,3.3,64,108.2,12,20,5.1,9.6,2,Fastened,6.8,None,No,162,224,No,No,None,None,Overheating
2025-05-20 20:00:00,EXC003,Excavator,OP1003,10,Expert,2.1,T00465,Backfilling,Zone A,Gravel,Dust,Dry,Night,1564.4,4.2,46,82.3,8,60,4.1,7.5,1,Fastened,29.2,None,No,60,68,Yes,Yes,Tip-over Risk,Low,Excessive Idling
2025-05-20 20:00:00,EXC005,Excavator,OP1002,1,Certified,3.3,T00471,Demolition,Zone A,Clay,Fog,Dry,Night,1671.4,2.4,52,86.2,1,20,7.6,9.6,0,Fastened,23.8,None,No,138,148,No,No,None,None,None
2025-05-20 20:00:00,LOD001,Loader,OP1008,5,Certified,3.5,T00473,Demolition,Zone A,Sand,Clear,Wet,Night,1631.2,1.7,45,81.2,15,35,2.3,10.4,1,Fastened,3.6,None,No,108,124,No,No,None,None,None
2025-05-20 20:00:00,LOD002,Loader,OP1001,5,Certified,3.0,T00476,Truck Loading,Zone C,Gravel,Clear,Dry,Night,1680.9,1.3,40,79.1,5,10,0.8,5.0,0,Fastened,1.2,Person,Yes,45,49,Yes,No,None,None,None
2025-05-20 20:00:00,LOD003,Loader,OP1004,9,Expert,2.1,T00479,Grading,Zone A,Sand,Clear,Wet,Night,1537.4,1.9,15,75.2,8,30,6.5,14.7,1,Fastened,22.1,None,No,68,70,No,No,None,None,None
2025-05-20 22:00:00,LOD001,Loader,OP1008,5,Certified,4.9,T00474,Backfilling,Zone D,Rock,Clear,Dry,Night,1633.0,1.6,49,83.8,8,0,21.1,13.3,3,Fastened,1.6,Structure,Yes,81,86,Yes,No,None,None,Unsafe Tilt
2025-05-20 22:00:00,LOD002,Loader,OP1001,5,Certified,4.7,T00477,Truck Loading,Zone A,Rock,Clear,Dry,Night,1682.7,2.7,44,84.9,10,55,5.8,5.8,1,Unfastened,23.8,None,No,61,76,Yes,Yes,Tip-over Risk,Low,Excessive Idling
2025-05-20 22:00:00,LOD003,Loader,OP1004,9,Expert,4.8,T00480,Demolition,Zone B,Gravel,Clear,Dry,Night,1539.2,2.3,33,82.7,2,40,0,0,0,Fastened,19.7,None,No,120,122,No,No,None,None,None
2025-05-21 06:00:00,EXC002,Excavator,OP1005,9,Expert,1.1,T00484,Backfilling,Zone D,Rock,Rain,Dry,Day,1508.1,2.5,52,107.5,10,40,1.1,8.2,1,Fastened,27.8,None,No,81,86,No,No,None,None,Overheating
2025-05-21 06:00:00,EXC003,Excavator,OP1004,9,Expert,0.8,T00487,Backfilling,Zone C,Clay,Clear,Muddy,Day,1565.5,1.8,61,86.0,10,25,2.8,9.8,0,Fastened,52.0,None,No,69,76,No,No,None,None,None
2025-05-21 06:00:00,EXC004,Excavator,OP1007,6,Expert,1.0,T00490,Demolition,Zone C,Sand,Clear,Wet,Day,1556.4,2.8,50,86.8,5,10,8.3,5.9,1,Fastened,53.0,None,No,108,95,No,No,None,None,None
2025-05-21 06:00:00,LOD001,Loader,OP1002,1,Certified,0.4,T00496,Backfilling,Zone C,Rock,Clear,Dry,Day,1635.5,2.4,50,84.3,5,10,1.6,7.0,0,Fastened,27.7,None,No,81,81,No,No,None,None,None
2025-05-21 06:00:00,LOD002,Loader,OP1003,10,Expert,0.6,T00499,Truck Loading,Zone B,Clay,Clear,Dry,Day,1683.4,1.1,68,91.2,12,20,2.7,11.9,2,Fastened,4.7,None,No,52,42,No,No,None,None,None
2025-05-21 08:00:00,EXC002,Excavator,OP1005,9,Expert,2.5,T00485,Demolition,Zone A,Gravel,Clear,Dry,Day,1509.1,1.4,21,95.0,8,25,4.6,8.3,0,Unfastened,53.1,None,No,120,93,Yes,No,None,None,None
2025-05-21 08:00:00,LOD002,Loader,OP1003,10,Expert,3.1,T00500,Grading,Zone C,Gravel,Clear,Dry,Day,1685.2,3.0,69,91.3,10,60,4.1,8.7,1,Unfastened,55.7,None,No,75,62,Yes,Yes,Tip-over Risk,Medium,Excessive Idling
2025-05-21 10:00:00,EXC001,Excavator,OP1001,5,Certified,4.4,T00481,Grading,Zone D,Sand,Clear,Muddy,Day,1646.3,4.2,50,85.4,8,55,5.7,5.8,1,Fastened,14.6,None,No,68,91,Yes,No,None,None,Excessive Idling
2025-05-21 10:00:00,EXC004,Excavator,OP1007,6,Expert,4.4,T00491,Grading,Zone D,Sand,Clear,Dry,Day,1559.8,4.4,48,84.3,2,35,0.0,4.9,1,Fastened,30.9,None,No,68,56,No,No,None,None,None
2025-05-21 10:00:00,EXC005,Excavator,OP1006,0,Trainee,4.8,T00493,Trenching,Zone A,Rock,Fog,Dry,Day,1674.8,4.0,65,89.7,12,0,5.6,9.6,0,Fastened,10.5,None,No,122,151,No,No,None,None,None
2025-05-21 12:00:00,EXC001,Excavator,OP1001,5,Certified,7.5,T00482,Truck Loading,Zone B,Rock,Rain,Wet,Day,1648.1,2.2,47,84.1,2,15,4.9,8.6,1,Fastened,15.4,None,No,61,76,No,No,None,None,None
2025-05-21 12:00:00,EXC004,Excavator,OP1007,6,Expert,7.2,T00492,Grading,Zone C,Gravel,Clear,Wet,Day,1560.5,0.7,44,84.0,5,0,5.2,6.0,1,Fastened,47.0,None,No,75,71,No,No,None,None,None
2025-05-21 12:00:00,LOD001,Loader,OP1002,1,Certified,6.0,T00497,Backfilling,Zone D,Gravel,Clear,Wet,Day,1638.3,3.9,63,91.1,12,60,6.0,8.0,1,Fastened,43.7,None,No,60,65,Yes,No,None,None,Excessive Idling
2025-05-21 14:00:00,EXC001,Excavator,OP1001,5,Certified,9.1,T00483,Trenching,Zone A,Sand,Fog,Dry,Day,1649.9,2.4,40,81.5,1,25,4.5,7.3,0,Fastened,49.7,None,No,81,80,No,No,None,None,None
2025-05-21 14:00:00,EXC003,Excavator,OP1004,9,Expert,9.1,T00488,Grading,Zone B,Clay,Rain,Dry,Day,1566.3,1.4,29,79.9,5,30,4.6,10.8,0,Fastened,19.7,None,No,86,87,No,No,None,None,None
2025-05-21 14:00:00,EXC005,Excavator,OP1006,0,Trainee,8.6,T00494,Truck Loading,Zone A,Clay,Fog,Wet,Day,1677.0,3.4,67,87.2,8,40,5.6,7.7,0,Fastened,14.0,None,No,52,74,No,No,None,None,None
2025-05-21 14:00:00,LOD003,Loader,OP1008,5,Certified,8.8,T00502,Trenching,Zone A,Sand,Rain,Dry,Day,1541.7,2.9,33,78.9,2,45,2.3,6.0,0,Unfastened,40.4,None,No,81,90,Yes,No,None,None,Excessive Idling
2025-05-21 16:00:00,EXC005,Excavator,OP1006,0,Trainee,11.2,T00495,Trenching,Zone A,Clay,Clear,Wet,Day,1678.8,2.5,23,74.5,0,40,3.3,3.6,1,Fastened,26.1,None,No,103,148,Yes,No,None,None,None
2025-05-21 18:00:00,LOD003,Loader,OP1008,5,Certified,0.3,T00503,Truck Loading,Zone B,Clay,Clear,Dry,Night,1544.6,4.1,73,91.5,1,60,9.1,6.4,2,Fastened,28.0,None,No,52,52,Yes,No,None,None,Excessive Idling
2025-05-21 20:00:00,EXC002,Excavator,OP1005,9,Expert,2.4,T00486,Grading,Zone C,Clay,Clear,Dry,Night,1512.2,4.4,47,107.0,8,50,11.5,12.0,0,Fastened,30.3,None,No,86,80,Yes,No,None,None,Excessive Idling
2025-05-21 20:00:00,LOD001,Loader,OP1002,1,Certified,2.3,T00498,Grading,Zone C,Rock,Rain,Wet,Night,1641.1,3.3,63,87.2,10,30,3.3,4.5,1,Fastened,16.9,None,No,101,130,No,No,None,None,None
2025-05-21 20:00:00,LOD003,Loader,OP1008,5,Certified,2.5,T00504,Grading,Zone B,Clay,Dust,Muddy,Night,1546.4,2.4,39,83.4,10,45,3.7,5.0,0,Fastened,13.6,None,No,86,147,Yes,No,None,None,Excessive Idling
2025-05-21 22:00:00,EXC003,Excavator,OP1004,9,Expert,5.0,T00489,Trenching,Zone B,Clay,Clear,Dry,Night,1569.4,4.1,71,92.7,10,10,9.5,9.9,2,Unfastened,27.1,None,No,103,112,Yes,Yes,Near Miss,Low,None
2025-05-21 22:00:00,LOD002,Loader,OP1003,10,Expert,4.0,T00501,Truck Loading,Zone A,Rock,Dust,Dry,Night,1686.9,1.9,49,85.4,2,15,5.3,11.9,1,Fastened,1.1,Person,Yes,61,68,Yes,Yes,Collision,Low,None
2025-05-22 06:00:00,EXC001,Excavator,OP1006,0,Trainee,0.5,T00505,Demolition,Zone C,Gravel,Clear,Dry,Day,1651.0,1.9,67,90.0,15,30,5.5,7.2,0,Unfastened,49.6,None,No,120,139,Yes,No,None,None,None
2025-05-22 06:00:00,EXC005,Excavator,OP1005,9,Expert,0.7,T00517,Truck Loading,Zone B,Rock,Clear,Dry,Day,1680.3,2.8,47,85.2,0,60,5.8,6.8,1,Fastened,31.1,None,No,61,57,Yes,No,None,None,Excessive Idling
2025-05-22 06:00:00,LOD002,Loader,OP1003,10,Expert,1.0,T00523,Backfilling,Zone A,Sand,Fog,Wet,Day,1688.2,2.3,51,83.6,8,55,4.0,8.7,2,Fastened,28.2,None,No,54,51,Yes,No,None,None,Excessive Idling
2025-05-22 06:00:00,LOD003,Loader,OP1001,5,Certified,0.6,T00526,Trenching,Zone B,Gravel,Fog,Wet,Day,1547.5,1.5,49,87.1,15,25,6.7,8.5,0,Fastened,38.4,None,No,90,119,No,No,None,None,None
2025-05-22 08:00:00,EXC002,Excavator,OP1008,5,Certified,2.7,T00508,Truck Loading,Zone B,Rock,Rain,Wet,Day,1513.5,2.1,67,113.1,5,25,7.3,9.2,0,Fastened,3.7,None,No,61,87,No,No,None,None,Overheating
2025-05-22 08:00:00,LOD002,Loader,OP1003,10,Expert,2.9,T00524,Backfilling,Zone C,Clay,Clear,Dry,Day,1690.0,2.8,61,89.3,8,55,9.5,13.7,1,Fastened,34.1,None,No,69,59,Yes,No,None,None,Excessive Idling
2025-05-22 08:00:00,LOD003,Loader,OP1001,5,Certified,2.8,T00527,Truck Loading,Zone D,Rock,Fog,Dry,Day,1549.3,2.7,54,88.2,2,50,5.1,5.5,0,Fastened,15.4,None,No,61,72,Yes,No,None,None,Excessive Idling
2025-05-22 10:00:00,EXC003,Excavator,OP1004,9,Expert,4.9,T00511,Backfilling,Zone C,Gravel,Clear,Wet,Day,1572.9,5.3,77,91.6,12,45,7.8,9.5,1,Fastened,9.2,None,No,60,58,Yes,No,None,None,Excessive Idling
2025-05-22 10:00:00,EXC005,Excavator,OP1005,9,Expert,4.0,T00518,Demolition,Zone D,Rock,Clear,Wet,Day,1681.8,1.4,33,77.6,8,0,7.2,11.0,0,Fastened,50.8,None,No,162,162,No,No,None,None,None
2025-05-22 10:00:00,LOD001,Loader,OP1007,6,Expert,5.0,T00520,Trenching,Zone B,Gravel,Clear,Dry,Day,1643.9,2.9,74,92.4,5,0,8.1,9.7,1,Fastened,30.1,None,No,90,77,No,No,None,None,None
2025-05-22 12:00:00,EXC001,Excavator,OP1006,0,Trainee,7.5,T00506,Backfilling,Zone D,Sand,Rain,Wet,Day,1653.4,2.7,37,82.3,2,15,1.9,8.7,0,Fastened,27.2,None,No,54,85,No,No,None,None,None
2025-05-22 12:00:00,EXC004,Excavator,OP1002,1,Certified,7.1,T00514,Grading,Zone A,Clay,Clear,Wet,Day,1561.4,1.2,63,91.2,8,5,5.0,9.9,1,Fastened,15.4,None,No,86,104,No,No,None,None,None
2025-05-22 12:00:00,EXC005,Excavator,OP1005,9,Expert,6.2,T00519,Backfilling,Zone A,Rock,Clear,Dry,Day,1682.8,1.3,64,88.9,10,5,0.5,7.7,1,Fastened,53.5,None,No,81,78,No,No,None,None,None
2025-05-22 14:00:00,EXC002,Excavator,OP1008,5,Certified,8.5,T00509,Trenching,Zone A,Sand,Clear,Dry,Day,1515.9,3.1,66,113.2,10,10,1.3,8.1,0,Fastened,11.5,None,No,81,75,No,No,None,None,Overheating
2025-05-22 14:00:00,EXC003,Excavator,OP1004,9,Expert,8.6,T00512,Demolition,Zone C,Clay,Rain,Wet,Day,1574.5,2.1,44,80.8,0,20,8.7,6.8,1,Fastened,48.7,None,No,138,166,Yes,No,None,None,None
2025-05-22 14:00:00,EXC004,Excavator,OP1002,1,Certified,9.3,T00515,Backfilling,Zone C,Sand,Clear,Dry,Day,1563.0,2.1,43,81.4,5,20,7.3,6.0,1,Fastened,20.3,None,No,54,54,No,No,None,None,None
2025-05-22 14:00:00,LOD001,Loader,OP1007,6,Expert,8.5,T00521,Demolition,Zone D,Sand,Clear,Dry,Day,1645.8,2.5,58,87.5,10,35,3.7,5.8,1,Fastened,11.9,None,No,108,83,No,No,None,None,None
2025-05-22 18:00:00,EXC003,Excavator,OP1004,9,Expert,0.7,T00513,Truck Loading,Zone C,Gravel,Rain,Dry,Night,1576.2,3.1,58,90.0,0,55,12.0,5.9,1,Fastened,6.4,None,No,45,49,Yes,Yes,Collision,Medium,Excessive Idling
2025-05-22 18:00:00,LOD001,Loader,OP1007,6,Expert,1.1,T00522,Trenching,Zone A,Rock,Fog,Dry,Night,1648.5,3.1,61,85.6,10,25,0.6,9.5,2,Fastened,7.2,None,No,122,140,No,No,None,None,None
2025-05-22 18:00:00,LOD002,Loader,OP1003,10,Expert,0.3,T00525,Grading,Zone C,Gravel,Fog,Dry,Night,1693.5,3.8,41,81.8,2,45,2.3,8.0,0,Unfastened,13.9,None,No,75,76,Yes,No,None,None,Excessive Idling
2025-05-22 18:00:00,LOD003,Loader,OP1001,5,Certified,0.3,T00528,Truck Loading,Zone A,Sand,Clear,Wet,Night,1549.9,0.7,40,79.5,5,10,3.6,7.7,0,Fastened,31.1,None,No,40,57,No,No,None,None,None
2025-05-22 20:00:00,EXC001,Excavator,OP1006,0,Trainee,2.5,T00507,Grading,Zone A,Sand,Clear,Wet,Night,1656.5,4.1,79,92.9,12,5,21.6,4.1,2,Fastened,18.4,None,No,68,112,No,No,None,None,Unsafe Tilt
2025-05-22 20:00:00,EXC002,Excavator,OP1008,5,Certified,2.2,T00510,Truck Loading,Zone C,Sand,Fog,Dry,Night,1517.3,1.6,35,100.6,10,10,5.3,4.0,1,Fastened,30.1,None,No,40,46,No,No,None,None,Overheating
2025-05-22 22:00:00,EXC004,Excavator,OP1002,1,Certified,5.0,T00516,Demolition,Zone A,Rock,Clear,Wet,Night,1566.1,4.6,60,87.2,0,50,7.0,12.1,1,Fastened,8.8,None,No,162,228,Yes,No,None,None,Excessive Idling
2025-05-23 06:00:00,EXC001,Excavator,OP1003,10,Expert,1.3,T00529,Backfilling,Zone B,Rock,Rain,Dry,Day,1657.6,1.8,38,83.4,2,35,0.8,9.9,0,Fastened,45.2,None,No,81,76,No,No,None,None,None
2025-05-23 06:00:00,EXC004,Excavator,OP1002,1,Certified,1.1,T00538,Backfilling,Zone C,Sand,Clear,Dry,Day,1568.4,3.6,55,86.9,5,50,7.4,0.3,1,Fastened,19.8,None,No,54,61,Yes,No,None,None,Excessive Idling
2025-05-23 06:00:00,LOD002,Loader,OP1001,5,Certified,0.3,T00547,Grading,Zone C,Sand,Clear,Wet,Day,1695.3,2.9,74,92.7,12,55,2.0,9.5,1,Fastened,56.7,None,No,68,71,Yes,Yes,Near Miss,Low,Excessive Idling
2025-05-23 06:00:00,LOD003,Loader,OP1006,0,Trainee,0.6,T00550,Trenching,Zone C,Gravel,Dust,Wet,Day,1551.7,1.9,61,89.2,12,10,5.0,0.7,1,Fastened,20.1,None,No,90,132,No,No,None,None,None
2025-05-23 10:00:00,EXC001,Excavator,OP1003,10,Expert,4.6,T00530,Backfilling,Zone A,Rock,Fog,Muddy,Day,1659.7,2.9,20,77.3,8,50,0,8.5,0,Fastened,43.8,None,No,81,101,Yes,Yes,Collision,Medium,Excessive Idling
2025-05-23 10:00:00,EXC004,Excavator,OP1002,1,Certified,4.7,T00539,Trenching,Zone C,Rock,Clear,Muddy,Day,1569.4,2.0,57,85.5,10,45,6.3,6.3,2,Fastened,55.7,None,No,122,150,Yes,Yes,Tip-over Risk,Low,Excessive Idling
2025-05-23 12:00:00,EXC002,Excavator,OP1004,9,Expert,6.4,T00532,Backfilling,Zone D,Gravel,Rain,Dry,Day,1518.7,1.6,52,106.8,12,5,7.1,6.2,2,Fastened,29.0,None,No,60,62,No,No,None,None,Overheating
2025-05-23 12:00:00,EXC003,Excavator,OP1008,5,Certified,6.7,T00535,Trenching,Zone B,Sand,Clear,Dry,Day,1579.4,4.1,50,87.1,15,25,12.6,12.7,1,Fastened,15.4,None,No,81,86,No,No,None,None,None
2025-05-23 14:00:00,EXC001,Excavator,OP1003,10,Expert,8.8,T00531,Backfilling,Zone A,Clay,Clear,Dry,Day,1662.1,3.3,63,87.9,12,20,7.7,8.6,0,Fastened,5.4,None,No,69,65,No,No,None,None,None
2025-05-23 14:00:00,EXC005,Excavator,OP1005,9,Expert,8.6,T00541,Backfilling,Zone D,Clay,Clear,Wet,Day,1684.6,1.9,52,86.9,12,0,3.0,6.1,1,Fastened,34.0,None,No,69,74,No,No,None,None,None
2025-05-23 14:00:00,LOD001,Loader,OP1007,6,Expert,8.0,T00544,Trenching,Zone C,Gravel,Dust,Dry,Day,1651.3,2.8,42,83.7,2,20,5.7,15.8,4,Fastened,48.6,None,No,90,94,No,No,None,None,Overspeed
2025-05-23 16:00:00,EXC003,Excavator,OP1008,5,Certified,10.3,T00536,Truck Loading,Zone D,Sand,Clear,Muddy,Day,1582.7,4.5,51,87.7,5,40,0,7.3,1,Fastened,17.5,None,No,40,49,No,No,None,None,None
2025-05-23 16:00:00,LOD001,Loader,OP1007,6,Expert,11.2,T00545,Trenching,Zone A,Gravel,Clear,Muddy,Day,1653.1,1.9,43,81.9,12,15,4.4,9.2,1,Fastened,10.3,None,No,90,109,No,No,None,None,None
2025-05-23 18:00:00,EXC002,Excavator,OP1004,9,Expert,0.7,T00533,Truck Loading,Zone C,Sand,Fog,Dry,Night,1520.1,2.1,56,108.0,12,25,5.4,10.5,0,Unfastened,35.0,None,No,40,39,Yes,No,None,None,Overheating
2025-05-23 18:00:00,EXC005,Excavator,OP1005,9,Expert,0.3,T00542,Grading,Zone A,Clay,Clear,Dry,Night,1686.6,2.7,60,89.0,10,20,4.8,10.9,0,Fastened,13.9,None,No,86,84,No,No,None,None,None
2025-05-23 18:00:00,LOD002,Loader,OP1001,5,Certified,1.4,T00548,Grading,Zone B,Sand,Clear,Dry,Night,1696.8,2.5,55,88.8,5,55,4.3,21.1,5,Fastened,2.3,Vehicle,Yes,68,87,Yes,No,None,None,Excessive Idling
2025-05-23 20:00:00,EXC002,Excavator,OP1004,9,Expert,2.9,T00534,Demolition,Zone D,Gravel,Fog,Dry,Night,1521.9,2.2,57,111.8,8,5,4.7,7.2,1,Fastened,28.6,None,No,120,113,No,No,None,None,Overheating
2025-05-23 20:00:00,EXC004,Excavator,OP1002,1,Certified,2.2,T00540,Truck Loading,Zone B,Sand,Clear,Dry,Night,1572.2,3.5,53,84.5,10,20,2.9,9.5,0,Fastened,29.9,None,No,40,46,No,No,None,None,None
2025-05-23 20:00:00,LOD002,Loader,OP1001,5,Certified,2.3,T00549,Trenching,Zone B,Clay,Clear,Dry,Night,1698.4,1.9,78,92.6,2,10,3.2,6.2,1,Fastened,17.5,None,No,103,119,No,No,None,None,None
2025-05-23 20:00:00,LOD003,Loader,OP1006,0,Trainee,2.4,T00551,Truck Loading,Zone B,Sand,Rain,Wet,Night,1553.9,2.9,47,83.6,12,50,2.5,11.3,2,Fastened,29.3,None,No,40,63,Yes,Yes,Near Miss,Medium,Excessive Idling
2025-05-23 22:00:00,EXC003,Excavator,OP1008,5,Certified,5.3,T00537,Trenching,Zone D,Sand,Clear,Dry,Night,1583.4,0.9,36,81.3,8,10,5.3,12.8,2,Fastened,29.1,None,No,81,86,No,No,None,None,None
2025-05-23 22:00:00,EXC005,Excavator,OP1005,9,Expert,5.0,T00543,Grading,Zone C,Rock,Clear,Dry,Night,1687.9,2.2,48,82.3,5,40,5.9,8.4,1,Fastened,27.6,None,No,101,105,No,No,None,None,None
2025-05-23 22:00:00,LOD001,Loader,OP1007,6,Expert,5.3,T00546,Backfilling,Zone A,Sand,Fog,Dry,Night,1655.3,3.0,53,83.3,8,50,0.7,6.0,1,Fastened,15.9,None,No,54,52,Yes,Yes,Tip-over Risk,Low,Excessive Idling
2025-05-23 22:00:00,LOD003,Loader,OP1006,0,Trainee,4.0,T00552,Backfilling,Zone C,Gravel,Rain,Dry,Night,1555.0,1.4,54,85.6,0,20,3.3,8.4,0,Fastened,13.0,None,No,60,84,Yes,Yes,Collision,High,None
2025-05-24 06:00:00,EXC002,Excavator,OP1004,9,Expert,1.2,T00556,Trenching,Zone A,Sand,Clear,Dry,Day,1523.7,2.3,64,111.8,10,10,3.2,13.2,1,Fastened,56.5,None,No,81,64,No,No,None,None,Overheating
2025-05-24 06:00:00,EXC003,Excavator,OP1007,6,Expert,0.6,T00559,Truck Loading,Zone D,Sand,Fog,Wet,Day,1584.3,2.2,90,95.7,2,45,8.3,11.5,1,Fastened,16.3,None,No,40,40,Yes,No,None,None,Excessive Idling
2025-05-24 06:00:00,LOD001,Loader,OP1001,5,Certified,0.3,T00568,Truck Loading,Zone B,Sand,Clear,Wet,Day,1657.9,3.8,66,89.4,5,60,2.3,10.0,0,Fastened,14.8,None,No,40,42,Yes,No,None,None,Excessive Idling
2025-05-24 06:00:00,LOD003,Loader,OP1002,1,Certified,1.3,T00574,Demolition,Zone C,Clay,Clear,Dry,Day,1555.7,0.9,46,84.2,0,15,10.0,9.7,1,Fastened,32.6,None,No,138,158,No,No,None,None,None
2025-05-24 08:00:00,EXC003,Excavator,OP1007,6,Expert,3.1,T00560,Trenching,Zone A,Gravel,Fog,Dry,Day,1584.8,1.4,35,78.4,8,45,3.9,8.1,0,Unfastened,3.4,None,No,90,77,Yes,No,None,None,Excessive Idling
2025-05-24 08:00:00,EXC005,Excavator,OP1006,0,Trainee,2.8,T00565,Grading,Zone C,Rock,Fog,Dry,Day,1691.0,3.3,29,81.5,1,15,3.7,5.7,2,Fastened,37.7,None,No,101,131,No,No,None,None,None
2025-05-24 08:00:00,LOD003,Loader,OP1002,1,Certified,2.1,T00575,Truck Loading,Zone B,Gravel,Fog,Wet,Day,1557.5,1.8,57,84.3,2,5,4.3,14.9,0,Fastened,10.9,None,No,45,58,No,No,None,None,None
2025-05-24 10:00:00,EXC001,Excavator,OP1008,5,Certified,4.2,T00553,Grading,Zone D,Clay,Clear,Wet,Day,1664.6,3.3,58,88.4,2,25,3.4,7.5,0,Fastened,15.8,None,No,86,99,No,No,None,None,None
2025-05-24 10:00:00,EXC005,Excavator,OP1006,0,Trainee,5.1,T00566,Backfilling,Zone C,Gravel,Fog,Muddy,Day,1692.1,1.7,70,93.5,15,15,7.6,3.3,0,Fastened,42.0,None,No,60,103,No,No,None,None,None
2025-05-24 12:00:00,LOD001,Loader,OP1001,5,Certified,7.4,T00569,Grading,Zone C,Gravel,Clear,Dry,Day,1659.6,2.2,75,91.4,5,25,7.1,6.4,0,Fastened,55.1,None,No,75,85,No,No,None,None,None
2025-05-24 14:00:00,EXC002,Excavator,OP1004,9,Expert,9.5,T00557,Truck Loading,Zone B,Clay,Rain,Dry,Day,1524.8,2.0,28,100.6,2,50,4.2,11.5,0,Fastened,6.5,None,No,52,53,Yes,No,None,None,Excessive Idling
2025-05-24 14:00:00,EXC004,Excavator,OP1005,9,Expert,8.8,T00562,Grading,Zone A,Gravel,Clear,Wet,Day,1574.0,2.1,44,86.2,10,10,6.0,3.9,1,Fastened,52.4,None,No,75,72,No,No,None,None,None
2025-05-24 14:00:00,EXC005,Excavator,OP1006,0,Trainee,8.1,T00567,Backfilling,Zone B,Gravel,Rain,Dry,Day,1694.4,3.0,81,96.6,15,0,3.5,6.9,0,Fastened,3.4,None,No,60,83,No,No,None,None,None
2025-05-24 14:00:00,LOD001,Loader,OP1001,5,Certified,9.1,T00570,Trenching,Zone C,Sand,Rain,Wet,Day,1661.4,2.0,51,86.0,15,20,4.6,1.2,1,Fastened,34.0,None,No,81,106,No,No,None,None,None
2025-05-24 14:00:00,LOD003,Loader,OP1002,1,Certified,8.3,T00576,Trenching,Zone B,Rock,Rain,Muddy,Day,1559.6,2.9,41,82.0,15,55,4.1,5.4,0,Fastened,49.2,None,No,122,197,Yes,Yes,Collision,Low,Excessive Idling
2025-05-24 16:00:00,EXC002,Excavator,OP1004,9,Expert,10.9,T00558,Truck Loading,Zone B,Rock,Clear,Muddy,Day,1526.6,3.4,86,118.6,5,50,3.9,8.1,0,Fastened,11.6,None,No,61,73,Yes,No,None,None,Excessive Idling
2025-05-24 16:00:00,EXC004,Excavator,OP1005,9,Expert,10.1,T00563,Trenching,Zone A,Clay,Dust,Dry,Day,1574.8,1.6,65,86.7,10,30,0.6,4.9,1,Fastened,24.5,None,No,103,101,No,No,None,None,None
2025-05-24 16:00:00,LOD002,Loader,OP1003,10,Expert,11.1,T00571,Grading,Zone C,Clay,Clear,Muddy,Day,1699.1,1.3,45,86.4,10,35,0,4.4,1,Fastened,34.6,None,No,86,99,No,No,None,None,None
2025-05-24 18:00:00,EXC003,Excavator,OP1007,6,Expert,0.4,T00561,Backfilling,Zone D,Sand,Fog,Dry,Night,1587.2,3.1,43,85.1,15,30,3.3,12.0,0,Fastened,31.2,None,No,54,50,No,No,None,None,None
2025-05-24 18:00:00,LOD002,Loader,OP1003,10,Expert,1.4,T00572,Demolition,Zone A,Gravel,Dust,Dry,Night,1700.0,2.0,60,87.5,10,55,5.5,10.9,3,Unfastened,30.2,None,No,120,137,Yes,Yes,Collision,Medium,Excessive Idling
2025-05-24 20:00:00,EXC001,Excavator,OP1008,5,Certified,2.5,T00554,Backfilling,Zone B,Gravel,Clear,Dry,Night,1667.2,3.9,55,87.3,10,45,0,8.5,0,Fastened,9.0,None,No,60,63,Yes,No,None,None,Excessive Idling
2025-05-24 20:00:00,LOD002,Loader,OP1003,10,Expert,2.5,T00573,Backfilling,Zone D,Rock,Clear,Dry,Night,1700.8,1.3,62,87.1,2,25,7.9,7.9,1,Fastened,3.5,None,No,81,86,No,No,None,None,None
2025-05-24 22:00:00,EXC001,Excavator,OP1008,5,Certified,4.0,T00555,Grading,Zone D,Sand,Clear,Dry,Night,1669.0,2.1,50,87.5,8,5,10.0,9.8,0,Fastened,20.0,None,No,68,80,No,No,None,None,None
2025-05-24 22:00:00,EXC004,Excavator,OP1005,9,Expert,5.1,T00564,Trenching,Zone B,Sand,Clear,Muddy,Night,1576.6,2.9,51,83.8,15,45,0,3.5,2,Fastened,2.3,Vehicle,Yes,81,89,Yes,No,None,None,Excessive Idling
2025-05-25 06:00:00,EXC005,Excavator,OP1008,5,Certified,0.3,T00589,Truck Loading,Zone B,Gravel,Rain,Dry,Day,1696.6,2.8,56,88.4,2,15,9.9,4.1,0,Fastened,1.9,Person,Yes,45,57,Yes,No,None,None,None
2025-05-25 06:00:00,LOD001,Loader,OP1003,10,Expert,0.9,T00592,Trenching,Zone C,Rock,Fog,Muddy,Day,1662.4,1.3,50,82.9,1,20,7.9,9.1,0,Fastened,43.0,None,No,122,152,No,No,None,None,None
2025-05-25 08:00:00,EXC003,Excavator,OP1006,0,Trainee,2.9,T00583,Truck Loading,Zone A,Rock,Rain,Dry,Day,1589.0,2.8,57,85.0,12,35,5.1,8.0,1,Unfastened,2.6,Vehicle,Yes,61,96,Yes,Yes,Collision,Low,None
2025-05-25 08:00:00,EXC004,Excavator,OP1005,9,Expert,2.7,T00586,Truck Loading,Zone C,Sand,Rain,Dry,Day,1579.7,4.5,53,87.7,15,50,5.5,3.4,1,Fastened,14.8,None,No,40,45,Yes,No,None,None,Excessive Idling
2025-05-25 08:00:00,LOD002,Loader,OP1007,6,Expert,3.4,T00595,Grading,Zone A,Clay,Fog,Wet,Day,1701.6,1.1,70,92.7,1,15,9.4,8.5,1,Unfastened,37.4,None,No,86,78,Yes,Yes,Tip-over Risk,High,None
2025-05-25 10:00:00,LOD003,Loader,OP1002,1,Certified,5.0,T00598,Demolition,Zone C,Rock,Clear,Dry,Day,1561.9,2.3,73,90.6,5,0,2.1,11.2,1,Fastened,45.6,None,No,162,160,No,No,None,None,None
2025-05-25 12:00:00,EXC002,Excavator,OP1004,9,Expert,6.6,T00580,Demolition,Zone C,Sand,Fog,Dry,Day,1527.6,1.8,64,114.6,12,30,10.9,6.9,0,Fastened,54.2,None,No,108,100,No,No,None,None,Overheating
2025-05-25 12:00:00,EXC003,Excavator,OP1006,0,Trainee,6.9,T00584,Backfilling,Zone D,Clay,Clear,Dry,Day,1590.5,1.9,60,89.1,10,5,4.8,3.9,0,Unfastened,22.9,None,No,69,85,Yes,Yes,Near Miss,Medium,Excessive Idling
2025-05-25 12:00:00,LOD001,Loader,OP1003,10,Expert,6.1,T00593,Backfilling,Zone D,Clay,Dust,Dry,Day,1664.7,3.4,58,86.3,8,60,4.6,5.2,0,Unfastened,20.9,None,No,69,62,Yes,Yes,Tip-over Risk,Low,Excessive Idling
2025-05-25 12:00:00,LOD002,Loader,OP1007,6,Expert,6.9,T00596,Trenching,Zone A,Clay,Rain,Dry,Day,1703.1,1.4,56,88.5,1,0,4.9,9.2,1,Fastened,29.1,None,No,103,110,No,No,None,None,None
2025-05-25 12:00:00,LOD003,Loader,OP1002,1,Certified,7.0,T00599,Backfilling,Zone A,Clay,Clear,Wet,Day,1563.7,2.5,74,93.6,10,30,4.0,4.6,2,Fastened,29.9,None,No,69,86,No,No,None,None,None
2025-05-25 14:00:00,LOD002,Loader,OP1007,6,Expert,9.5,T00597,Truck Loading,Zone C,Rock,Rain,Dry,Day,1704.9,2.5,91,95.9,8,25,8.9,6.3,0,Fastened,7.3,None,No,61,66,No,No,None,None,None
2025-05-25 16:00:00,EXC002,Excavator,OP1004,9,Expert,11.2,T00581,Demolition,Zone D,Clay,Clear,Wet,Day,1529.6,2.3,62,114.3,10,0,6.2,6.2,0,Unfastened,43.2,None,No,138,120,Yes,No,None,None,Overheating
2025-05-25 16:00:00,EXC005,Excavator,OP1008,5,Certified,10.0,T00590,Trenching,Zone A,Gravel,Clear,Muddy,Day,1699.7,3.9,63,91.4,2,10,2.6,9.6,0,Fastened,7.0,None,No,90,107,No,No,None,None,None
2025-05-25 16:00:00,LOD001,Loader,OP1003,10,Expert,10.1,T00594,Truck Loading,Zone A,Clay,Clear,Dry,Day,1666.9,3.0,53,85.1,8,50,7.9,11.2,0,Fastened,12.8,None,No,52,45,Yes,Yes,Near Miss,Low,Excessive Idling
2025-05-25 18:00:00,EXC001,Excavator,OP1001,5,Certified,0.8,T00577,Grading,Zone D,Sand,Fog,Dry,Night,1670.1,1.4,38,80.3,8,15,5.2,5.3,1,Fastened,24.8,None,No,68,84,No,No,None,None,None
2025-05-25 18:00:00,EXC002,Excavator,OP1004,9,Expert,0.4,T00582,Demolition,Zone A,Gravel,Fog,Dry,Night,1531.0,1.6,61,112.4,5,0,3.3,6.6,1,Fastened,3.5,None,No,120,135,No,No,None,None,Overheating
2025-05-25 20:00:00,EXC001,Excavator,OP1001,5,Certified,3.2,T00578,Trenching,Zone B,Gravel,Rain,Wet,Night,1671.2,1.5,70,88.3,0,10,12.2,11.4,0,Fastened,13.7,None,No,90,132,No,No,None,None,None
2025-05-25 20:00:00,EXC003,Excavator,OP1006,0,Trainee,2.8,T00585,Demolition,Zone B,Clay,Fog,Dry,Night,1593.4,3.9,36,80.1,0,45,5.6,3.0,2,Fastened,9.5,None,No,138,202,Yes,No,None,None,Excessive Idling
2025-05-25 20:00:00,EXC004,Excavator,OP1005,9,Expert,2.5,T00587,Backfilling,Zone D,Rock,Rain,Dry,Night,1583.0,3.7,36,79.0,8,15,7.9,8.7,1,Fastened,22.5,None,No,81,88,No,No,None,None,None
2025-05-25 20:00:00,EXC005,Excavator,OP1008,5,Certified,3.4,T00591,Backfilling,Zone D,Clay,Clear,Dry,Night,1700.7,2.0,89,97.7,15,35,0.3,3.3,1,Fastened,14.0,None,No,69,79,No,No,None,None,None
2025-05-25 22:00:00,EXC001,Excavator,OP1001,5,Certified,5.4,T00579,Truck Loading,Zone C,Sand,Clear,Dry,Night,1672.0,0.9,64,90.3,10,0,4.0,10.2,1,Fastened,35.5,None,No,40,43,No,No,None,None,None
2025-05-25 22:00:00,EXC004,Excavator,OP1005,9,Expert,4.8,T00588,Backfilling,Zone C,Gravel,Clear,Dry,Night,1584.8,2.4,68,91.1,10,10,0.5,8.8,1,Fastened,18.9,None,No,60,53,No,No,None,None,None
2025-05-25 22:00:00,LOD003,Loader,OP1002,1,Certified,5.1,T00600,Truck Loading,Zone C,Clay,Clear,Muddy,Night,1564.9,2.0,30,78.8,12,55,8.5,7.8,0,Unfastened,28.5,None,No,52,71,Yes,Yes,Tip-over Risk,Low,Excessive Idling
2025-05-26 06:00:00,EXC001,Excavator,OP1006,0,Trainee,0.7,T00601,Truck Loading,Zone D,Clay,Clear,Dry,Day,1673.3,1.5,31,78.9,8,10,5.4,12.2,2,Unfastened,2.9,Vehicle,Yes,52,71,Yes,No,None,None,None
2025-05-26 06:00:00,LOD001,Loader,OP1003,10,Expert,0.1,T00616,Grading,Zone D,Gravel,Clear,Dry,Day,1669.7,2.9,45,86.5,15,20,0,2.5,0,Fastened,47.7,None,No,75,68,No,No,None,None,None
2025-05-26 08:00:00,EXC001,Excavator,OP1006,0,Trainee,2.2,T00602,Backfilling,Zone D,Sand,Clear,Muddy,Day,1675.1,2.1,40,82.6,5,10,2.2,6.4,1,Fastened,34.4,None,No,54,86,No,No,None,None,None
2025-05-26 10:00:00,EXC003,Excavator,OP1004,9,Expert,4.7,T00607,Grading,Zone C,Rock,Clear,Wet,Day,1594.8,2.0,60,87.0,10,15,5.1,11.6,2,Fastened,26.6,None,No,101,92,No,No,None,None,None
2025-05-26 10:00:00,EXC004,Excavator,OP1002,1,Certified,4.2,T00610,Backfilling,Zone A,Rock,Clear,Dry,Day,1586.3,2.0,64,86.4,10,15,5.8,5.2,1,Unfastened,31.0,None,No,81,73,Yes,No,None,None,None
2025-05-26 10:00:00,LOD002,Loader,OP1007,6,Expert,5.2,T00619,Backfilling,Zone D,Clay,Fog,Muddy,Day,1707.9,3.2,54,88.9,8,25,8.8,5.9,0,Fastened,50.4,None,No,69,80,No,No,None,None,None
2025-05-26 10:00:00,LOD003,Loader,OP1008,5,Certified,4.6,T00622,Backfilling,Zone D,Clay,Dust,Dry,Day,1567.2,2.6,62,90.2,5,20,0.2,2.7,0,Fastened,59.7,None,No,69,75,No,No,None,None,None
2025-05-26 12:00:00,EXC001,Excavator,OP1006,0,Trainee,6.0,T00603,Truck Loading,Zone C,Sand,Rain,Muddy,Day,1676.7,2.7,43,81.9,10,50,5.4,5.9,0,Fastened,20.9,None,No,40,79,Yes,No,None,None,Excessive Idling
2025-05-26 12:00:00,EXC002,Excavator,OP1001,5,Certified,6.8,T00604,Grading,Zone D,Clay,Fog,Wet,Day,1534.2,4.8,84,118.8,8,30,0.2,8.9,0,Fastened,51.0,None,No,86,92,No,No,None,None,Overheating
2025-05-26 12:00:00,EXC004,Excavator,OP1002,1,Certified,6.2,T00611,Demolition,Zone C,Gravel,Clear,Dry,Day,1586.8,1.2,48,83.0,5,30,7.3,7.8,1,Fastened,31.2,None,No,120,113,No,No,None,None,None
2025-05-26 12:00:00,EXC005,Excavator,OP1005,9,Expert,7.5,T00613,Truck Loading,Zone D,Rock,Clear,Dry,Day,1703.0,2.5,32,81.7,12,10,0.8,12.5,0,Fastened,14.1,None,No,61,59,No,No,None,None,None
2025-05-26 12:00:00,LOD003,Loader,OP1008,5,Certified,7.4,T00623,Trenching,Zone C,Rock,Clear,Dry,Day,1569.0,2.5,31,77.7,10,55,6.4,10.5,1,Unfastened,13.8,None,No,122,131,Yes,No,None,None,Excessive Idling
2025-05-26 14:00:00,EXC003,Excavator,OP1004,9,Expert,8.3,T00608,Trenching,Zone C,Gravel,Clear,Dry,Day,1597.1,3.4,59,85.1,1,35,5.8,1.0,0,Fastened,58.4,None,No,90,86,No,No,None,None,None
2025-05-26 16:00:00,EXC005,Excavator,OP1005,9,Expert,10.2,T00614,Truck Loading,Zone D,Sand,Rain,Dry,Day,1703.7,1.0,62,86.5,10,10,5.3,15.8,1,Unfastened,26.9,None,No,40,38,Yes,No,None,None,Overspeed
2025-05-26 16:00:00,LOD001,Loader,OP1003,10,Expert,11.1,T00617,Trenching,Zone D,Gravel,Fog,Dry,Day,1671.1,2.2,42,83.4,15,50,4.3,5.5,0,Fastened,9.7,None,No,90,80,Yes,No,None,None,Excessive Idling
2025-05-26 16:00:00,LOD003,Loader,OP1008,5,Certified,10.0,T00624,Trenching,Zone A,Rock,Clear,Dry,Day,1569.9,1.9,52,86.1,8,55,4.2,1.5,1,Fastened,18.1,None,No,122,131,Yes,Yes,Near Miss,Medium,Excessive Idling
2025-05-26 18:00:00,EXC004,Excavator,OP1002,1,Certified,0.3,T00612,Trenching,Zone B,Sand,Fog,Wet,Night,1587.4,0.9,44,83.0,10,10,3.6,8.8,2,Fastened,1.4,Person,Yes,81,102,Yes,Yes,Near Miss,Medium,None
2025-05-26 18:00:00,EXC005,Excavator,OP1005,9,Expert,0.0,T00615,Backfilling,Zone A,Sand,Clear,Wet,Night,1705.5,2.7,55,86.9,12,35,5.6,7.3,0,Fastened,1.9,Vehicle,Yes,54,57,Yes,No,None,None,None
2025-05-26 18:00:00,LOD002,Loader,OP1007,6,Expert,1.4,T00620,Backfilling,Zone C,Sand,Rain,Wet,Night,1710.0,2.7,68,91.9,5,30,8.8,14.2,0,Fastened,33.0,None,No,54,75,No,No,None,None,None
2025-05-26 20:00:00,EXC002,Excavator,OP1001,5,Certified,2.1,T00605,Trenching,Zone C,Gravel,Fog,Dry,Night,1535.4,1.9,75,117.7,5,15,4.6,3.4,0,Fastened,26.6,None,No,90,99,No,No,None,None,Overheating
2025-05-26 22:00:00,EXC002,Excavator,OP1001,5,Certified,5.1,T00606,Demolition,Zone B,Gravel,Fog,Dry,Night,1536.5,1.4,57,113.0,0,10,5.5,11.0,1,Fastened,22.7,None,No,120,156,No,No,None,None,Overheating
2025-05-26 22:00:00,EXC003,Excavator,OP1004,9,Expert,4.6,T00609,Backfilling,Zone A,Rock,Clear,Wet,Night,1599.9,4.1,61,86.0,2,45,2.0,7.9,1,Fastened,2.5,Structure,Yes,81,85,Yes,Yes,Near Miss,Low,Excessive Idling
2025-05-26 22:00:00,LOD001,Loader,OP1003,10,Expert,5.3,T00618,Backfilling,Zone D,Gravel,Clear,Dry,Night,1673.6,3.0,37,82.2,15,45,6.1,4.3,2,Fastened,12.7,None,No,60,53,Yes,No,None,None,Excessive Idling
2025-05-26 22:00:00,LOD002,Loader,OP1007,6,Expert,4.5,T00621,Grading,Zone A,Sand,Dust,Dry,Night,1712.8,2.8,66,87.2,5,5,1.0,13.3,2,Fastened,21.8,None,No,68,64,No,No,None,None,None
2025-05-27 06:00:00,EXC001,Excavator,OP1002,1,Certified,0.3,T00625,Demolition,Zone B,Rock,Rain,Wet,Day,1678.2,2.1,83,95.5,2,5,20.0,8.9,3,Fastened,33.1,None,No,162,233,No,No,None,None,Unsafe Tilt
2025-05-27 06:00:00,LOD001,Loader,OP1001,5,Certified,0.5,T00640,Trenching,Zone A,Sand,Rain,Dry,Day,1676.4,2.9,60,87.6,8,10,6.3,9.2,1,Fastened,52.4,None,No,81,90,No,No,None,None,None
2025-05-27 08:00:00,EXC002,Excavator,OP1008,5,Certified,3.0,T00628,Truck Loading,Zone B,Clay,Clear,Wet,Day,1538.4,2.5,68,118.6,12,5,7.6,0,0,Fastened,27.3,None,No,52,59,No,No,None,None,Overheating
2025-05-27 08:00:00,LOD002,Loader,OP1005,9,Expert,3.0,T00643,Trenching,Zone B,Rock,Clear,Dry,Day,1715.6,2.6,40,82.2,10,15,4.2,10.6,0,Fastened,45.2,None,No,122,114,No,No,None,None,None
2025-05-27 08:00:00,LOD003,Loader,OP1003,10,Expert,2.4,T00646,Demolition,Zone A,Rock,Dust,Muddy,Day,1572.9,3.3,63,91.9,8,20,4.1,16.5,3,Fastened,27.5,None,No,162,193,No,No,None,None,Overspeed
2025-05-27 10:00:00,EXC001,Excavator,OP1002,1,Certified,4.6,T00626,Backfilling,Zone A,Rock,Clear,Dry,Day,1678.8,1.1,84,97.5,8,15,1.8,10.0,1,Fastened,59.8,None,No,81,92,No,No,None,None,None
2025-05-27 12:00:00,EXC002,Excavator,OP1008,5,Certified,7.3,T00629,Truck Loading,Zone D,Gravel,Clear,Dry,Day,1540.0,1.6,39,107.0,12,0,0,11.3,0,Fastened,28.6,None,No,45,50,No,No,None,None,Overheating
2025-05-27 12:00:00,EXC004,Excavator,OP1006,0,Trainee,7.4,T00634,Grading,Zone B,Rock,Clear,Muddy,Day,1589.6,2.4,43,80.7,8,5,6.0,8.6,0,Fastened,7.3,None,No,101,161,No,No,None,None,None
2025-05-27 12:00:00,LOD001,Loader,OP1001,5,Certified,6.9,T00641,Truck Loading,Zone D,Gravel,Dust,Muddy,Day,1679.2,2.7,54,83.8,12,5,3.9,8.7,1,Fastened,26.2,None,No,45,59,No,No,None,None,None
2025-05-27 12:00:00,LOD002,Loader,OP1005,9,Expert,6.8,T00644,Demolition,Zone B,Rock,Fog,Dry,Day,1717.3,1.7,43,82.2,8,10,3.1,18.0,4,Fastened,27.5,None,No,162,152,No,No,None,None,Overspeed
2025-05-27 14:00:00,EXC003,Excavator,OP1004,9,Expert,9.4,T00631,Backfilling,Zone D,Sand,Clear,Wet,Day,1601.9,3.2,74,94.8,8,30,6.6,6.2,0,Fastened,15.1,None,No,54,58,No,No,None,None,None
2025-05-27 14:00:00,EXC004,Excavator,OP1006,0,Trainee,8.2,T00635,Backfilling,Zone A,Sand,Fog,Dry,Day,1590.4,1.5,52,84.0,5,30,8.1,5.9,0,Fastened,10.0,None,No,54,61,No,No,None,None,None
2025-05-27 14:00:00,EXC005,Excavator,OP1007,6,Expert,9.3,T00637,Backfilling,Zone B,Sand,Clear,Dry,Day,1708.5,3.9,39,81.0,8,40,7.8,7.2,2,Fastened,31.9,None,No,54,49,No,No,None,None,None
2025-05-27 14:00:00,LOD003,Loader,OP1003,10,Expert,8.5,T00647,Grading,Zone C,Gravel,Clear,Wet,Day,1575.2,3.1,39,82.7,12,55,6.5,8.0,0,Fastened,49.7,None,No,75,73,Yes,Yes,Tip-over Risk,Low,Excessive Idling
2025-05-27 16:00:00,EXC003,Excavator,OP1004,9,Expert,11.5,T00632,Grading,Zone C,Rock,Clear,Dry,Day,1603.0,2.3,71,90.1,12,50,8.9,5.6,1,Fastened,35.3,None,No,101,92,Yes,Yes,Tip-over Risk,Medium,Excessive Idling
2025-05-27 18:00:00,EXC001,Excavator,OP1002,1,Certified,0.4,T00627,Truck Loading,Zone A,Rock,Clear,Dry,Night,1679.5,1.5,60,89.7,2,35,5.1,21.2,1,Fastened,9.2,None,No,61,64,No,No,None,None,Overspeed
2025-05-27 18:00:00,EXC003,Excavator,OP1004,9,Expert,0.4,T00633,Demolition,Zone B,Gravel,Fog,Wet,Night,1604.2,2.2,70,90.0,8,35,3.6,9.4,1,Fastened,14.5,None,No,120,131,No,No,None,None,None
2025-05-27 18:00:00,EXC005,Excavator,OP1007,6,Expert,0.7,T00638,Backfilling,Zone C,Sand,Clear,Dry,Night,1710.8,2.6,46,82.9,10,5,6.2,6.6,0,Unfastened,34.6,None,No,54,57,Yes,No,None,None,None
2025-05-27 18:00:00,LOD003,Loader,OP1003,10,Expert,1.1,T00648,Truck Loading,Zone A,Sand,Rain,Dry,Night,1576.5,1.6,65,87.7,0,15,7.3,10.4,0,Unfastened,8.0,None,No,40,42,Yes,No,None,None,None
2025-05-27 20:00:00,EXC002,Excavator,OP1008,5,Certified,3.3,T00630,Truck Loading,Zone C,Sand,Clear,Dry,Night,1542.4,3.1,48,112.0,8,25,0.0,7.6,1,Unfastened,12.7,None,No,40,48,Yes,No,None,None,Overheating
2025-05-27 20:00:00,EXC004,Excavator,OP1006,0,Trainee,2.5,T00636,Backfilling,Zone A,Sand,Dust,Dry,Night,1591.6,1.5,48,86.5,15,10,5.1,6.3,1,Fastened,4.4,None,No,54,87,No,No,None,None,None
2025-05-27 22:00:00,EXC005,Excavator,OP1007,6,Expert,5.0,T00639,Trenching,Zone C,Rock,Clear,Dry,Night,1711.5,1.1,42,81.2,8,20,6.1,7.9,1,Fastened,18.9,None,No,122,117,No,No,None,None,None
2025-05-27 22:00:00,LOD001,Loader,OP1001,5,Certified,5.4,T00642,Trenching,Zone B,Gravel,Fog,Dry,Night,1680.4,1.2,58,85.3,8,0,5.7,11.7,0,Fastened,9.3,None,No,90,96,No,No,None,None,None
2025-05-27 22:00:00,LOD002,Loader,OP1005,9,Expert,4.9,T00645,Truck Loading,Zone D,Gravel,Clear,Dry,Night,1720.1,2.7,39,84.0,8,20,5.7,7.2,1,Unfastened,33.2,None,No,45,41,Yes,Yes,Near Miss,Low,None
2025-05-28 06:00:00,EXC001,Excavator,OP1001,5,Certified,1.0,T00649,Grading,Zone D,Gravel,Dust,Dry,Day,1682.4,4.0,44,83.4,12,45,8.9,10.0,0,Fastened,46.9,None,No,75,86,Yes,Yes,Near Miss,Low,Excessive Idling
2025-05-28 06:00:00,EXC005,Excavator,OP1008,5,Certified,1.5,T00661,Demolition,Zone A,Gravel,Fog,Muddy,Day,1712.6,1.4,54,85.8,10,5,4.6,8.1,1,Unfastened,44.1,None,No,120,157,Yes,Yes,Collision,Medium,None
2025-05-28 06:00:00,LOD003,Loader,OP1007,6,Expert,0.3,T00670,Truck Loading,Zone D,Sand,Clear,Dry,Day,1579.1,3.3,62,86.0,12,40,8.5,7.0,0,Fastened,14.9,None,No,40,33,No,No,None,None,None
2025-05-28 08:00:00,EXC001,Excavator,OP1001,5,Certified,2.4,T00650,Grading,Zone D,Rock,Clear,Dry,Day,1684.2,2.6,28,76.7,5,45,3.0,6.3,1,Fastened,22.4,None,No,101,111,Yes,No,None,None,Excessive Idling
2025-05-28 08:00:00,LOD001,Loader,OP1005,9,Expert,2.8,T00664,Truck Loading,Zone C,Rock,Clear,Muddy,Day,1683.0,3.3,57,85.1,8,45,2.0,4.0,1,Unfastened,26.9,None,No,61,71,Yes,No,None,None,Excessive Idling
2025-05-28 08:00:00,LOD003,Loader,OP1007,6,Expert,3.4,T00671,Truck Loading,Zone D,Clay,Clear,Wet,Day,1580.5,1.9,55,87.0,2,30,0.4,1.1,0,Fastened,8.8,None,No,52,44,No,No,None,None,None
2025-05-28 10:00:00,LOD001,Loader,OP1005,9,Expert,5.4,T00665,Demolition,Zone D,Rock,Clear,Dry,Day,1684.8,1.7,52,86.6,0,5,4.8,17.2,4,Fastened,50.7,None,No,162,155,No,No,None,None,Overspeed
2025-05-28 10:00:00,LOD002,Loader,OP1002,1,Certified,4.6,T00667,Grading,Zone A,Rock,Dust,Dry,Day,1721.1,1.3,67,88.2,10,15,5.4,10.4,1,Fastened,7.7,None,No,101,114,No,No,None,None,None
2025-05-28 12:00:00,EXC002,Excavator,OP1003,10,Expert,6.6,T00652,Truck Loading,Zone C,Sand,Clear,Dry,Day,1543.6,1.7,56,114.0,1,15,4.6,14.6,2,Fastened,35.7,None,No,40,34,No,No,None,None,Overheating
2025-05-28 12:00:00,EXC005,Excavator,OP1008,5,Certified,7.4,T00662,Truck Loading,Zone A,Gravel,Fog,Dry,Day,1713.7,1.9,63,86.6,10,30,5.8,9.1,0,Fastened,10.1,None,No,45,54,No,No,None,None,None
2025-05-28 12:00:00,LOD003,Loader,OP1007,6,Expert,6.1,T00672,Backfilling,Zone B,Sand,Clear,Dry,Day,1581.2,0.7,50,84.0,5,5,2.1,10.6,1,Fastened,58.7,None,No,54,41,No,No,None,None,None
2025-05-28 14:00:00,EXC003,Excavator,OP1006,0,Trainee,9.1,T00655,Truck Loading,Zone C,Gravel,Clear,Dry,Day,1605.9,2.0,61,91.3,0,0,3.8,7.6,0,Fastened,9.1,None,No,45,58,No,No,None,None,None
2025-05-28 14:00:00,EXC005,Excavator,OP1008,5,Certified,9.1,T00663,Demolition,Zone A,Rock,Clear,Wet,Day,1715.2,1.8,67,90.4,8,0,9.9,14.6,1,Fastened,6.1,None,No,162,195,No,No,None,None,None
2025-05-28 14:00:00,LOD002,Loader,OP1002,1,Certified,9.2,T00668,Trenching,Zone B,Sand,Clear,Dry,Day,1722.6,2.2,56,84.3,5,40,0,13.6,0,Unfastened,39.8,None,No,81,74,Yes,Yes,Collision,Medium,None
2025-05-28 16:00:00,EXC003,Excavator,OP1006,0,Trainee,10.6,T00656,Demolition,Zone B,Gravel,Fog,Wet,Day,1607.7,2.7,82,96.4,8,15,6.7,9.3,0,Fastened,51.9,None,No,120,165,No,No,None,None,None
2025-05-28 16:00:00,EXC004,Excavator,OP1004,9,Expert,10.9,T00658,Trenching,Zone B,Rock,Clear,Dry,Day,1593.1,1.9,24,80.2,10,25,3.8,5.6,0,Fastened,27.8,None,No,122,110,No,No,None,None,None
2025-05-28 16:00:00,LOD001,Loader,OP1005,9,Expert,10.9,T00666,Trenching,Zone D,Sand,Clear,Muddy,Day,1687.0,3.0,83,93.8,5,30,6.2,9.1,0,Fastened,18.7,None,No,81,93,No,No,None,None,None
2025-05-28 18:00:00,EXC002,Excavator,OP1003,10,Expert,0.0,T00653,Truck Loading,Zone C,Gravel,Rain,Muddy,Night,1544.6,1.5,62,113.2,10,15,7.2,21.5,2,Unfastened,29.8,None,No,45,66,Yes,No,None,None,Overheating
2025-05-28 18:00:00,EXC004,Excavator,OP1004,9,Expert,0.8,T00659,Backfilling,Zone C,Clay,Clear,Dry,Night,1594.9,2.7,80,96.5,12,20,0.2,8.3,1,Fastened,11.2,None,No,69,69,No,No,None,None,None
2025-05-28 18:00:00,LOD002,Loader,OP1002,1,Certified,1.4,T00669,Grading,Zone A,Gravel,Clear,Dry,Night,1724.4,2.9,81,93.7,0,50,6.4,11.9,2,Fastened,12.4,None,No,75,95,Yes,Yes,Tip-over Risk,Medium,Excessive Idling
2025-05-28 20:00:00,EXC001,Excavator,OP1001,5,Certified,2.6,T00651,Trenching,Zone B,Sand,Rain,Muddy,Night,1685.7,2.9,69,90.3,12,55,6.1,10.7,0,Fastened,17.8,None,No,81,139,Yes,No,None,None,Excessive Idling
2025-05-28 20:00:00,EXC002,Excavator,OP1003,10,Expert,2.4,T00654,Demolition,Zone C,Clay,Clear,Dry,Night,1546.0,2.5,38,106.7,2,55,4.7,5.9,1,Fastened,16.6,None,No,138,146,Yes,No,None,None,Excessive Idling
2025-05-28 22:00:00,EXC003,Excavator,OP1006,0,Trainee,5.2,T00657,Backfilling,Zone B,Gravel,Clear,Wet,Night,1610.4,3.6,63,91.2,8,20,4.9,2.0,0,Fastened,15.4,None,No,60,101,No,No,None,None,None
2025-05-28 22:00:00,EXC004,Excavator,OP1004,9,Expert,4.1,T00660,Demolition,Zone D,Gravel,Clear,Dry,Night,1596.1,1.6,42,85.4,15,20,6.9,7.2,2,Fastened,18.4,None,No,120,104,No,No,None,None,None
2025-05-29 06:00:00,EXC002,Excavator,OP1004,9,Expert,1.4,T00676,Demolition,Zone C,Rock,Clear,Dry,Day,1547.5,2.5,55,115.0,5,40,10.4,4.3,0,Fastened,23.4,None,No,162,128,No,No,None,None,Overheating
2025-05-29 06:00:00,EXC003,Excavator,OP1006,0,Trainee,0.7,T00679,Truck Loading,Zone D,Clay,Fog,Dry,Day,1611.7,1.2,25,76.2,5,0,1.6,6.4,1,Fastened,1.6,Person,Yes,52,65,Yes,No,None,None,None
2025-05-29 06:00:00,EXC005,Excavator,OP1008,5,Certified,0.0,T00685,Trenching,Zone A,Clay,Clear,Dry,Day,1715.7,0.6,48,86.2,10,0,1.8,11.4,0,Fastened,58.1,None,No,103,112,No,No,None,None,None
2025-05-29 06:00:00,LOD003,Loader,OP1003,10,Expert,0.1,T00694,Demolition,Zone A,Rock,Clear,Wet,Day,1583.5,3.1,58,86.8,10,45,7.0,8.9,2,Fastened,57.4,None,No,162,144,Yes,No,None,None,Excessive Idling
2025-05-29 08:00:00,EXC002,Excavator,OP1004,9,Expert,2.9,T00677,Grading,Zone C,Clay,Clear,Wet,Day,1549.3,2.2,34,105.8,8,20,3.2,8.7,2,Fastened,59.8,None,No,86,83,No,No,None,None,Overheating
2025-05-29 08:00:00,LOD002,Loader,OP1007,6,Expert,2.2,T00691,Grading,Zone D,Clay,Fog,Wet,Day,1727.8,3.2,40,83.5,15,15,9.0,10.9,1,Fastened,21.1,None,No,86,82,No,No,None,None,None
2025-05-29 08:00:00,LOD003,Loader,OP1003,10,Expert,2.9,T00695,Grading,Zone A,Rock,Clear,Dry,Day,1585.3,2.9,57,85.2,10,60,4.7,8.7,0,Fastened,7.6,None,No,101,86,Yes,Yes,Tip-over Risk,Low,Excessive Idling
2025-05-29 10:00:00,LOD003,Loader,OP1003,10,Expert,4.0,T00696,Grading,Zone D,Rock,Clear,Dry,Day,1587.1,2.7,54,86.9,2,50,5.1,4.4,2,Fastened,19.4,None,No,101,99,Yes,Yes,Near Miss,Medium,Excessive Idling
2025-05-29 12:00:00,EXC001,Excavator,OP1005,9,Expert,6.7,T00673,Trenching,Zone A,Gravel,Clear,Dry,Day,1687.0,2.2,45,81.2,12,40,4.7,7.6,1,Fastened,46.0,None,No,90,84,No,No,None,None,None
2025-05-29 12:00:00,EXC003,Excavator,OP1006,0,Trainee,7.0,T00680,Truck Loading,Zone A,Sand,Rain,Dry,Day,1612.8,1.6,49,82.5,2,20,3.2,9.7,0,Unfastened,11.2,None,No,40,53,Yes,No,None,None,None
2025-05-29 12:00:00,EXC004,Excavator,OP1002,1,Certified,6.2,T00682,Demolition,Zone D,Sand,Clear,Wet,Day,1599.6,4.3,60,89.6,5,10,19.1,5.4,4,Fastened,42.0,None,No,108,131,No,No,None,None,Unsafe Tilt
2025-05-29 14:00:00,EXC003,Excavator,OP1006,0,Trainee,8.1,T00681,Backfilling,Zone A,Rock,Clear,Dry,Day,1614.6,2.5,63,86.3,12,20,5.9,3.7,1,Fastened,43.1,None,No,81,92,No,No,None,None,None
2025-05-29 14:00:00,EXC005,Excavator,OP1008,5,Certified,8.2,T00686,Backfilling,Zone C,Clay,Fog,Dry,Day,1717.3,2.2,40,81.9,12,30,3.4,9.7,1,Fastened,47.5,None,No,69,67,No,No,None,None,None
2025-05-29 16:00:00,EXC004,Excavator,OP1002,1,Certified,11.4,T00683,Demolition,Zone D,Clay,Clear,Wet,Day,1600.8,1.4,68,92.2,12,0,10.5,13.6,1,Fastened,32.8,None,No,138,164,No,No,None,None,None
2025-05-29 16:00:00,EXC005,Excavator,OP1008,5,Certified,10.7,T00687,Backfilling,Zone A,Clay,Clear,Dry,Day,1719.1,2.2,47,84.2,5,15,7.4,4.8,1,Fastened,16.9,None,No,69,67,No,No,None,None,None
2025-05-29 16:00:00,LOD001,Loader,OP1001,5,Certified,10.1,T00688,Truck Loading,Zone A,Rock,Clear,Dry,Day,1688.4,1.4,38,81.2,8,10,2.5,13.2,0,Unfastened,30.9,None,No,61,62,Yes,No,None,None,None
2025-05-29 18:00:00,LOD002,Loader,OP1007,6,Expert,0.4,T00692,Trenching,Zone D,Clay,Clear,Dry,Night,1731.2,3.8,62,91.1,5,25,1.7,7.7,0,Fastened,6.9,None,No,103,96,No,No,None,None,None
2025-05-29 20:00:00,EXC001,Excavator,OP1005,9,Expert,2.7,T00674,Truck Loading,Zone B,Rock,Rain,Dry,Night,1688.4,1.8,61,85.4,8,5,11.4,5.9,1,Fastened,33.7,None,No,61,68,No,No,None,None,None
2025-05-29 20:00:00,LOD001,Loader,OP1001,5,Certified,2.1,T00689,Trenching,Zone C,Rock,Fog,Dry,Night,1691.3,2.6,47,86.2,8,0,3.4,11.3,0,Fastened,14.0,None,No,122,148,No,No,None,None,None
2025-05-29 22:00:00,EXC001,Excavator,OP1005,9,Expert,5.1,T00675,Trenching,Zone C,Gravel,Rain,Dry,Night,1690.2,2.2,49,86.2,12,10,10.3,4.1,0,Fastened,7.1,None,No,90,103,No,No,None,None,None
2025-05-29 22:00:00,EXC002,Excavator,OP1004,9,Expert,4.1,T00678,Demolition,Zone B,Rock,Clear,Dry,Night,1551.8,2.8,49,111.4,0,0,4.2,6.0,1,Fastened,4.8,None,No,162,153,No,No,None,None,Overheating
2025-05-29 22:00:00,EXC004,Excavator,OP1002,1,Certified,4.8,T00684,Grading,Zone B,Gravel,Fog,Dry,Night,1601.6,1.0,61,85.8,12,5,0.5,5.1,1,Fastened,27.5,None,No,75,90,No,No,None,None,None
2025-05-29 22:00:00,LOD001,Loader,OP1001,5,Certified,4.8,T00690,Grading,Zone B,Sand,Rain,Dry,Night,1692.0,1.3,34,81.2,10,35,4.4,7.8,1,Fastened,5.2,None,No,68,87,No,No,None,None,None
2025-05-29 22:00:00,LOD002,Loader,OP1007,6,Expert,4.5,T00693,Backfilling,Zone C,Clay,Clear,Wet,Night,1734.6,3.5,64,90.8,12,10,4.0,9.1,0,Fastened,14.6,None,No,69,66,No,No,None,None,None
2025-05-30 06:00:00,EXC001,Excavator,OP1005,9,Expert,0.2,T00697,Truck Loading,Zone B,Sand,Dust,Wet,Day,1693.7,4.2,47,81.7,1,20,7.7,6.0,0,Fastened,15.0,None,No,40,43,No,No,None,None,None
2025-05-30 06:00:00,EXC004,Excavator,OP1003,10,Expert,0.7,T00706,Truck Loading,Zone C,Sand,Clear,Muddy,Day,1603.4,2.4,53,84.3,5,20,8.7,6.7,1,Fastened,1.6,Person,Yes,40,47,Yes,No,None,None,None
2025-05-30 06:00:00,LOD001,Loader,OP1007,6,Expert,1.3,T00712,Trenching,Zone D,Clay,Clear,Muddy,Day,1693.4,1.6,69,88.3,5,10,7.0,2.8,1,Fastened,12.0,None,No,103,105,No,No,None,None,Overheating
2025-05-30 08:00:00,EXC005,Excavator,OP1002,1,Certified,2.1,T00709,Truck Loading,Zone D,Rock,Rain,Dry,Day,1722.4,4.1,72,93.6,10,0,1.5,15.5,3,Fastened,28.1,None,No,61,69,No,No,None,None,Overspeed
2025-05-30 08:00:00,LOD001,Loader,OP1007,6,Expert,3.0,T00713,Demolition,Zone A,Sand,Rain,Dry,Day,1695.2,2.0,40,83.7,8,25,9.8,3.3,1,Fastened,49.5,None,No,108,120,No,No,None,None,None
2025-05-30 10:00:00,EXC002,Excavator,OP1001,5,Certified,4.3,T00700,Grading,Zone A,Gravel,Clear,Dry,Day,1553.9,3.6,58,114.8,12,60,2.3,12.2,0,Fastened,13.5,None,No,75,78,Yes,No,None,None,Excessive Idling
2025-05-30 10:00:00,EXC003,Excavator,OP1008,5,Certified,4.2,T00703,Demolition,Zone B,Gravel,Dust,Muddy,Day,1615.2,1.6,59,89.4,12,45,10.1,1.0,0,Fastened,2.4,Structure,Yes,120,153,Yes,No,None,None,Excessive Idling
2025-05-30 12:00:00,EXC004,Excavator,OP1003,10,Expert,6.0,T00707,Backfilling,Zone D,Rock,Clear,Dry,Day,1606.5,4.7,75,94.4,12,40,7.0,13.8,0,Fastened,32.1,None,No,81,76,No,No,None,None,None
2025-05-30 12:00:00,LOD002,Loader,OP1004,9,Expert,7.2,T00715,Trenching,Zone A,Gravel,Clear,Dry,Day,1735.5,1.0,42,80.1,2,10,8.6,10.0,0,Fastened,27.4,None,No,90,81,No,No,None,None,None
2025-05-30 14:00:00,EXC001,Excavator,OP1005,9,Expert,9.2,T00698,Grading,Zone D,Sand,Dust,Dry,Day,1696.1,3.5,75,92.1,10,25,7.8,14.7,0,Fastened,53.2,None,No,68,72,No,No,None,None,None
2025-05-30 14:00:00,EXC002,Excavator,OP1001,5,Certified,8.9,T00701,Trenching,Zone D,Gravel,Rain,Dry,Day,1554.8,2.2,50,112.7,8,60,4.5,12.4,0,Fastened,48.6,None,No,90,114,Yes,No,None,None,Excessive Idling
2025-05-30 14:00:00,EXC003,Excavator,OP1008,5,Certified,8.6,T00704,Backfilling,Zone D,Clay,Clear,Dry,Day,1616.1,1.1,45,84.5,15,10,3.3,4.2,0,Fastened,34.1,None,No,69,72,No,No,None,None,Unsafe Tilt
2025-05-30 14:00:00,EXC004,Excavator,OP1003,10,Expert,8.4,T00708,Demolition,Zone C,Clay,Clear,Dry,Day,1607.9,1.8,41,81.8,10,20,3.4,7.7,0,Fastened,30.2,None,No,138,111,No,No,None,None,None
2025-05-30 14:00:00,EXC005,Excavator,OP1002,1,Certified,8.0,T00710,Demolition,Zone A,Gravel,Dust,Dry,Day,1725.7,4.1,68,93.0,1,5,3.8,10.6,0,Unfastened,28.4,None,No,120,134,Yes,Yes,Near Miss,Medium,None
2025-05-30 14:00:00,LOD002,Loader,OP1004,9,Expert,8.4,T00716,Trenching,Zone A,Sand,Dust,Dry,Day,1737.3,2.6,73,92.1,15,40,3.9,8.4,2,Fastened,52.2,None,No,81,79,No,No,None,None,None
2025-05-30 16:00:00,EXC001,Excavator,OP1005,9,Expert,10.6,T00699,Trenching,Zone B,Rock,Rain,Dry,Day,1697.9,3.2,56,85.8,5,55,2.7,4.6,1,Fastened,38.0,None,No,122,135,Yes,No,None,None,Excessive Idling
2025-05-30 16:00:00,EXC003,Excavator,OP1008,5,Certified,11.2,T00705,Backfilling,Zone B,Clay,Dust,Dry,Day,1617.9,3.0,58,89.0,0,45,2.0,10.7,1,Fastened,34.8,None,No,69,77,Yes,Yes,Tip-over Risk,Low,Excessive Idling
2025-05-30 16:00:00,LOD001,Loader,OP1007,6,Expert,10.2,T00714,Demolition,Zone D,Gravel,Clear,Dry,Day,1697.2,1.9,59,89.0,15,0,1.1,3.9,0,Fastened,24.8,None,No,120,111,No,No,None,None,None
2025-05-30 18:00:00,EXC005,Excavator,OP1002,1,Certified,0.2,T00711,Truck Loading,Zone B,Rock,Fog,Muddy,Night,1727.3,2.5,69,88.8,8,25,4.6,10.9,0,Fastened,26.3,None,No,61,87,No,No,None,None,None
2025-05-30 18:00:00,LOD002,Loader,OP1004,9,Expert,0.2,T00717,Grading,Zone B,Clay,Rain,Dry,Night,1740.6,3.5,43,80.7,10,35,4.9,5.4,2,Fastened,23.5,None,No,86,108,No,No,None,None,None
2025-05-30 18:00:00,LOD003,Loader,OP1006,0,Trainee,1.1,T00718,Backfilling,Zone C,Clay,Dust,Dry,Night,1587.7,0.8,16,72.9,8,20,3.0,5.2,1,Fastened,26.0,None,No,69,106,No,No,None,None,None
2025-05-30 20:00:00,LOD003,Loader,OP1006,0,Trainee,2.7,T00719,Backfilling,Zone B,Rock,Fog,Dry,Night,1589.5,2.6,59,87.8,8,45,3.7,8.8,0,Fastened,19.1,None,No,81,115,Yes,Yes,Near Miss,Medium,Excessive Idling
2025-05-30 22:00:00,EXC002,Excavator,OP1001,5,Certified,4.9,T00702,Backfilling,Zone C,Rock,Fog,Wet,Night,1557.0,3.2,57,113.6,10,35,0,11.2,2,Fastened,20.8,None,No,81,114,No,No,None,None,Overheating
2025-05-30 22:00:00,LOD003,Loader,OP1006,0,Trainee,5.2,T00720,Grading,Zone C,Clay,Fog,Dry,Night,1591.1,2.1,77,91.1,5,20,6.1,10.2,2,Fastened,7.1,None,No,86,132,No,No,None,None,None
2025-05-31 06:00:00,EXC002,Excavator,OP1005,9,Expert,0.8,T00724,Demolition,Zone C,Sand,Fog,Dry,Day,1559.6,2.9,53,117.9,8,0,6.4,8.4,1,Fastened,25.7,None,No,108,96,No,No,None,None,Overheating
2025-05-31 06:00:00,EXC003,Excavator,OP1004,9,Expert,1.4,T00727,Demolition,Zone D,Rock,Clear,Dry,Day,1621.0,3.3,12,76.0,2,35,4.5,4.7,0,Fastened,52.1,None,No,162,154,No,No,None,None,None
2025-05-31 06:00:00,LOD001,Loader,OP1006,0,Trainee,0.3,T00736,Trenching,Zone B,Gravel,Rain,Dry,Day,1697.9,1.4,60,89.9,15,35,9.6,14.9,0,Fastened,2.7,Structure,Yes,90,135,Yes,No,None,None,None
2025-05-31 08:00:00,EXC002,Excavator,OP1005,9,Expert,3.1,T00725,Trenching,Zone D,Sand,Clear,Dry,Day,1561.4,3.4,73,123.7,10,55,9.8,8.2,0,Fastened,23.6,None,No,81,62,Yes,No,None,None,Excessive Idling
2025-05-31 10:00:00,EXC001,Excavator,OP1008,5,Certified,4.8,T00721,Grading,Zone B,Rock,Fog,Dry,Day,1700.1,3.6,50,82.5,15,55,6.5,6.3,1,Unfastened,29.5,None,No,101,121,Yes,No,None,None,Excessive Idling
2025-05-31 10:00:00,EXC002,Excavator,OP1005,9,Expert,5.5,T00726,Demolition,Zone A,Rock,Rain,Wet,Day,1563.2,2.4,57,117.4,0,15,8.6,2.8,1,Fastened,54.9,None,No,162,190,No,No,None,None,Overheating
2025-05-31 10:00:00,EXC004,Excavator,OP1002,1,Certified,5.4,T00730,Truck Loading,Zone D,Rock,Fog,Wet,Day,1610.5,3.2,55,88.6,5,15,3.4,6.1,0,Unfastened,3.1,None,No,61,76,Yes,Yes,Near Miss,Medium,None
2025-05-31 10:00:00,LOD001,Loader,OP1006,0,Trainee,5.2,T00737,Trenching,Zone B,Sand,Clear,Dry,Day,1699.6,2.4,48,84.4,8,45,1.9,3.8,1,Fastened,52.8,None,No,81,106,Yes,No,None,None,Excessive Idling
2025-05-31 10:00:00,LOD002,Loader,OP1003,10,Expert,5.1,T00739,Trenching,Zone B,Clay,Rain,Dry,Day,1743.8,4.0,52,83.8,15,55,3.9,10.4,0,Fastened,54.8,None,No,103,114,Yes,No,None,None,Excessive Idling
2025-05-31 10:00:00,LOD003,Loader,OP1001,5,Certified,5.3,T00742,Demolition,Zone B,Clay,Fog,Dry,Day,1594.0,3.4,46,81.6,5,40,1.2,12.4,1,Fastened,17.9,None,No,138,134,No,No,None,None,None
2025-05-31 12:00:00,EXC001,Excavator,OP1008,5,Certified,6.5,T00722,Demolition,Zone D,Sand,Dust,Dry,Day,1701.1,1.7,52,87.8,5,30,3.7,11.7,1,Fastened,39.1,None,No,108,128,No,No,None,None,None
2025-05-31 12:00:00,EXC004,Excavator,OP1002,1,Certified,6.2,T00731,Trenching,Zone B,Sand,Rain,Muddy,Day,1611.4,1.8,78,95.7,10,30,6.8,5.0,1,Fastened,21.4,None,No,81,124,No,No,None,None,None
2025-05-31 12:00:00,LOD002,Loader,OP1003,10,Expert,7.5,T00740,Demolition,Zone A,Rock,Rain,Dry,Day,1744.5,1.8,62,90.8,10,55,6.2,11.0,0,Fastened,7.8,None,No,162,158,Yes,No,None,None,Excessive Idling
2025-05-31 14:00:00,LOD001,Loader,OP1006,0,Trainee,8.5,T00738,Demolition,Zone A,Rock,Fog,Muddy,Day,1700.8,1.4,96,97.2,12,0,5.9,11.4,1,Fastened,28.2,None,No,162,280,No,No,None,None,None
2025-05-31 16:00:00,EXC001,Excavator,OP1008,5,Certified,11.4,T00723,Demolition,Zone A,Gravel,Rain,Wet,Day,1704.4,4.3,68,91.1,5,10,5.1,12.4,0,Fastened,54.9,None,No,120,166,No,No,None,None,None
2025-05-31 16:00:00,EXC005,Excavator,OP1007,6,Expert,10.8,T00733,Backfilling,Zone B,Clay,Rain,Muddy,Day,1730.0,3.5,59,89.0,2,20,8.2,4.4,0,Fastened,2.7,Person,Yes,69,89,Yes,Yes,Tip-over Risk,High,None
2025-05-31 16:00:00,LOD003,Loader,OP1001,5,Certified,11.3,T00743,Grading,Zone D,Gravel,Fog,Dry,Day,1596.3,3.1,60,88.6,10,45,9.3,15.7,2,Fastened,17.3,None,No,75,85,Yes,No,None,None,Excessive Idling
2025-05-31 18:00:00,EXC003,Excavator,OP1004,9,Expert,1.3,T00728,Demolition,Zone C,Sand,Dust,Muddy,Night,1622.4,1.9,51,87.4,12,20,6.4,13.2,1,Fastened,23.5,None,No,108,161,No,No,None,None,None
2025-05-31 18:00:00,EXC005,Excavator,OP1007,6,Expert,0.3,T00734,Truck Loading,Zone D,Clay,Fog,Wet,Night,1731.7,2.1,45,81.5,10,10,4.3,7.3,0,Unfastened,7.8,None,No,52,60,Yes,No,None,None,None
2025-05-31 18:00:00,LOD002,Loader,OP1003,10,Expert,1.0,T00741,Backfilling,Zone A,Rock,Clear,Dry,Night,1745.3,1.5,51,87.9,10,35,0.6,9.8,0,Fastened,1.9,Structure,Yes,81,72,Yes,Yes,Collision,Low,None
2025-05-31 20:00:00,EXC004,Excavator,OP1002,1,Certified,3.2,T00732,Trenching,Zone B,Rock,Fog,Muddy,Night,1613.1,2.6,41,82.2,5,40,8.2,12.7,0,Fastened,18.7,None,No,122,182,No,No,None,None,None
2025-05-31 20:00:00,EXC005,Excavator,OP1007,6,Expert,2.6,T00735,Backfilling,Zone B,Rock,Clear,Dry,Night,1733.5,2.5,68,93.1,0,15,2.1,7.7,0,Fastened,30.6,None,No,81,74,No,No,None,None,None
2025-05-31 20:00:00,LOD003,Loader,OP1001,5,Certified,2.5,T00744,Grading,Zone C,Rock,Fog,Dry,Night,1597.8,1.4,55,84.3,5,0,3.3,9.5,1,Fastened,20.3,None,No,101,132,No,No,None,None,None
2025-05-31 22:00:00,EXC003,Excavator,OP1004,9,Expert,5.4,T00729,Trenching,Zone C,Gravel,Clear,Dry,Night,1623.3,1.0,42,80.7,0,5,2.2,6.1,2,Fastened,21.4,None,No,90,84,No,No,None,None,None
2025-06-01 06:00:00,EXC001,Excavator,OP1003,10,Expert,0.3,T00745,Grading,Zone C,Clay,Clear,Muddy,Day,1705.3,2.0,78,95.6,12,45,5.2,8.5,1,Unfastened,57.4,None,No,86,86,Yes,No,None,None,Excessive Idling
2025-06-01 06:00:00,EXC002,Excavator,OP1005,9,Expert,1.1,T00748,Trenching,Zone A,Rock,Clear,Dry,Day,1566.6,4.3,56,115.1,5,20,6.2,5.6,1,Fastened,48.3,None,No,122,105,No,No,None,None,Overheating
2025-06-01 06:00:00,EXC003,Excavator,OP1007,6,Expert,0.7,T00751,Grading,Zone A,Clay,Rain,Dry,Day,1625.2,2.8,63,90.1,12,25,1.5,6.7,0,Fastened,42.8,None,No,86,81,No,No,None,None,None
2025-06-01 06:00:00,EXC004,Excavator,OP1001,5,Certified,1.1,T00754,Truck Loading,Zone B,Rock,Clear,Dry,Day,1616.3,4.2,58,84.7,12,25,6.1,7.6,0,Fastened,4.0,None,No,61,63,No,No,None,None,None
2025-06-01 06:00:00,EXC005,Excavator,OP1004,9,Expert,0.7,T00757,Trenching,Zone B,Sand,Clear,Dry,Day,1735.4,2.9,63,91.2,1,30,5.9,3.5,0,Fastened,54.3,None,No,81,72,No,No,None,None,None
2025-06-01 06:00:00,LOD001,Loader,OP1008,5,Certified,0.7,T00760,Trenching,Zone A,Rock,Clear,Dry,Day,1702.2,2.4,45,84.3,2,55,3.9,7.9,0,Unfastened,46.9,None,No,122,121,Yes,Yes,Collision,Low,Excessive Idling
2025-06-01 08:00:00,LOD003,Loader,OP1002,1,Certified,3.0,T00766,Trenching,Zone A,Gravel,Clear,Dry,Day,1599.4,2.2,30,80.8,1,45,3.8,6.8,1,Fastened,31.4,None,No,90,96,Yes,Yes,Collision,Low,Excessive Idling
2025-06-01 10:00:00,EXC002,Excavator,OP1005,9,Expert,4.3,T00749,Trenching,Zone D,Clay,Clear,Dry,Day,1569.2,3.2,45,111.7,8,20,6.0,10.0,1,Unfastened,12.8,None,No,103,91,Yes,No,None,None,Overheating
2025-06-01 10:00:00,LOD001,Loader,OP1008,5,Certified,4.8,T00761,Backfilling,Zone C,Sand,Clear,Dry,Day,1704.5,2.8,58,89.4,8,30,5.3,17.8,5,Fastened,40.0,None,No,54,62,No,No,None,None,Overspeed
2025-06-01 12:00:00,EXC001,Excavator,OP1003,10,Expert,7.2,T00746,Backfilling,Zone A,Gravel,Clear,Dry,Day,1707.2,2.8,75,91.0,5,25,0,11.6,2,Fastened,3.6,None,No,60,56,No,No,None,None,None
2025-06-01 12:00:00,EXC005,Excavator,OP1004,9,Expert,7.1,T00758,Backfilling,Zone C,Clay,Clear,Dry,Day,1737.1,2.7,59,86.8,5,40,2.0,11.5,0,Fastened,53.7,None,No,69,63,No,No,None,None,None
2025-06-01 12:00:00,LOD002,Loader,OP1006,0,Trainee,6.2,T00763,Trenching,Zone C,Rock,Rain,Muddy,Day,1746.2,1.5,30,78.8,5,40,7.9,13.5,0,Fastened,42.3,None,No,122,225,No,No,None,None,None
2025-06-01 14:00:00,EXC003,Excavator,OP1007,6,Expert,8.3,T00752,Demolition,Zone C,Clay,Rain,Dry,Day,1626.5,2.1,38,79.7,15,40,4.4,4.9,1,Fastened,36.6,None,No,138,138,No,No,None,None,None
2025-06-01 14:00:00,EXC005,Excavator,OP1004,9,Expert,8.8,T00759,Backfilling,Zone A,Gravel,Fog,Dry,Day,1738.6,2.3,45,80.8,12,35,6.5,4.2,1,Fastened,33.3,None,No,60,59,No,No,None,None,None
2025-06-01 14:00:00,LOD002,Loader,OP1006,0,Trainee,8.9,T00764,Trenching,Zone D,Clay,Clear,Dry,Day,1748.0,1.4,10,74.7,1,10,4.0,3.2,0,Unfastened,33.2,None,No,103,115,Yes,No,None,None,None
2025-06-01 16:00:00,LOD003,Loader,OP1002,1,Certified,10.6,T00767,Trenching,Zone B,Gravel,Clear,Muddy,Day,1599.9,1.6,78,92.0,0,55,5.0,10.7,0,Fastened,20.3,None,No,90,108,Yes,Yes,Near Miss,Low,Excessive Idling
2025-06-01 18:00:00,EXC001,Excavator,OP1003,10,Expert,0.2,T00747,Trenching,Zone B,Clay,Clear,Muddy,Night,1710.1,3.2,35,78.0,10,15,8.0,4.3,0,Fastened,24.3,None,No,103,135,No,No,None,None,None
2025-06-01 18:00:00,EXC002,Excavator,OP1005,9,Expert,1.2,T00750,Backfilling,Zone D,Gravel,Fog,Dry,Night,1572.5,3.7,55,119.6,8,0,15.6,7.7,3,Fastened,1.5,Person,Yes,60,56,Yes,No,None,None,Overheating
2025-06-01 18:00:00,LOD001,Loader,OP1008,5,Certified,1.5,T00762,Truck Loading,Zone D,Sand,Clear,Dry,Night,1706.9,2.6,59,86.2,12,15,4.9,10.2,1,Fastened,6.5,None,No,40,49,No,No,None,None,None
2025-06-01 20:00:00,EXC003,Excavator,OP1007,6,Expert,2.2,T00753,Trenching,Zone B,Sand,Clear,Muddy,Night,1629.7,4.1,67,89.7,10,10,0.6,6.6,0,Fastened,20.7,None,No,81,98,No,No,None,None,None
2025-06-01 20:00:00,EXC004,Excavator,OP1001,5,Certified,3.4,T00755,Trenching,Zone C,Sand,Rain,Wet,Night,1619.6,4.8,58,85.3,10,50,1.8,15.6,3,Fastened,21.4,None,No,81,120,Yes,Yes,Tip-over Risk,Low,Excessive Idling
2025-06-01 20:00:00,LOD003,Loader,OP1002,1,Certified,3.2,T00768,Backfilling,Zone D,Gravel,Fog,Dry,Night,1601.3,2.1,50,83.3,10,40,7.5,8.2,0,Unfastened,13.7,None,No,60,79,Yes,No,None,None,None
2025-06-01 22:00:00,EXC004,Excavator,OP1001,5,Certified,5.2,T00756,Demolition,Zone C,Rock,Clear,Dry,Night,1621.4,2.9,44,85.8,8,50,7.8,4.7,1,Fastened,6.7,None,No,162,198,Yes,No,None,None,Excessive Idling
2025-06-01 22:00:00,LOD002,Loader,OP1006,0,Trainee,5.2,T00765,Demolition,Zone D,Rock,Clear,Dry,Night,1749.2,2.1,46,86.7,10,50,8.5,9.5,1,Fastened,7.0,None,No,162,227,Yes,No,None,None,Excessive Idling
2025-06-02 06:00:00,EXC003,Excavator,OP1006,0,Trainee,0.8,T00775,Trenching,Zone B,Rock,Fog,Dry,Day,1632.6,4.4,97,98.0,2,15,4.7,9.1,0,Fastened,14.5,None,No,122,165,No,No,None,None,None
2025-06-02 06:00:00,EXC005,Excavator,OP1004,9,Expert,0.4,T00781,Trenching,Zone A,Gravel,Dust,Dry,Day,1740.2,2.4,51,85.4,15,30,4.0,4.9,1,Unfastened,38.8,None,No,90,87,Yes,Yes,Collision,Low,None
2025-06-02 06:00:00,LOD001,Loader,OP1005,9,Expert,1.2,T00784,Backfilling,Zone B,Rock,Clear,Dry,Day,1709.7,3.3,66,91.5,10,30,8.5,4.3,0,Fastened,8.0,None,No,81,71,No,No,None,None,None
2025-06-02 08:00:00,EXC001,Excavator,OP1003,10,Expert,2.5,T00769,Truck Loading,Zone A,Clay,Rain,Wet,Day,1712.4,2.9,44,85.0,2,20,12.4,11.4,0,Fastened,27.7,None,No,52,52,No,No,None,None,None
2025-06-02 08:00:00,EXC005,Excavator,OP1004,9,Expert,2.5,T00782,Trenching,Zone A,Clay,Clear,Wet,Day,1742.0,2.4,61,90.2,12,15,7.6,11.8,0,Fastened,2.2,Structure,Yes,103,88,Yes,Yes,Collision,High,None
2025-06-02 08:00:00,LOD002,Loader,OP1008,5,Certified,2.4,T00787,Trenching,Zone B,Clay,Clear,Wet,Day,1751.5,2.6,59,90.4,15,20,6.5,5.2,0,Unfastened,54.9,None,No,103,119,Yes,Yes,Tip-over Risk,Low,None
2025-06-02 08:00:00,LOD003,Loader,OP1001,5,Certified,3.0,T00790,Truck Loading,Zone B,Clay,Dust,Dry,Day,1604.0,3.6,55,83.9,8,55,4.7,12.0,0,Fastened,4.7,None,No,52,65,Yes,No,None,None,Excessive Idling
2025-06-02 10:00:00,EXC002,Excavator,OP1007,6,Expert,5.0,T00772,Demolition,Zone D,Clay,Clear,Muddy,Day,1575.2,3.0,42,112.3,8,10,4.8,8.0,0,Fastened,45.4,None,No,138,155,No,No,None,None,Overheating
2025-06-02 10:00:00,EXC004,Excavator,OP1002,1,Certified,5.0,T00778,Grading,Zone B,Rock,Fog,Dry,Day,1622.1,1.0,58,89.6,10,10,10.4,0.5,0,Fastened,8.8,None,No,101,118,No,No,None,None,None
2025-06-02 10:00:00,LOD001,Loader,OP1005,9,Expert,5.0,T00785,Demolition,Zone C,Clay,Clear,Wet,Day,1712.1,2.8,26,74.9,8,45,2.3,13.0,2,Unfastened,46.1,None,No,138,130,Yes,No,None,None,Excessive Idling
2025-06-02 10:00:00,LOD002,Loader,OP1008,5,Certified,4.2,T00788,Grading,Zone D,Gravel,Fog,Dry,Day,1753.3,1.6,48,86.6,8,0,4.3,11.9,1,Fastened,38.3,None,No,75,79,No,No,None,None,None
2025-06-02 10:00:00,LOD003,Loader,OP1001,5,Certified,4.0,T00791,Backfilling,Zone A,Clay,Clear,Dry,Day,1605.0,1.4,83,94.5,0,15,3.0,8.6,1,Fastened,36.0,None,No,69,75,No,No,None,None,None
2025-06-02 12:00:00,EXC002,Excavator,OP1007,6,Expert,7.4,T00773,Backfilling,Zone C,Gravel,Rain,Dry,Day,1575.8,1.7,58,117.2,10,50,4.0,16.0,3,Fastened,44.5,None,No,60,60,Yes,No,None,None,Excessive Idling
2025-06-02 12:00:00,LOD002,Loader,OP1008,5,Certified,7.1,T00789,Grading,Zone D,Clay,Clear,Wet,Day,1754.8,2.3,21,77.0,12,60,4.9,9.8,0,Fastened,39.5,None,No,86,92,Yes,No,None,None,Excessive Idling
2025-06-02 16:00:00,EXC001,Excavator,OP1003,10,Expert,10.6,T00770,Truck Loading,Zone A,Gravel,Clear,Muddy,Day,1713.2,1.5,61,91.3,12,25,24.0,6.6,2,Fastened,18.1,None,No,45,53,No,No,None,None,Unsafe Tilt
2025-06-02 16:00:00,EXC003,Excavator,OP1006,0,Trainee,10.1,T00776,Trenching,Zone D,Clay,Clear,Dry,Day,1635.9,4.4,67,88.6,1,20,4.8,6.5,1,Fastened,49.3,None,No,103,128,No,No,None,None,None
2025-06-02 18:00:00,EXC001,Excavator,OP1003,10,Expert,0.8,T00771,Trenching,Zone C,Sand,Clear,Wet,Night,1714.3,2.0,70,89.6,12,35,4.9,8.5,0,Unfastened,2.5,Structure,Yes,81,77,Yes,Yes,Tip-over Risk,Medium,None
2025-06-02 18:00:00,EXC002,Excavator,OP1007,6,Expert,1.0,T00774,Trenching,Zone D,Rock,Dust,Dry,Night,1578.2,3.2,51,115.3,10,30,3.4,9.9,0,Fastened,32.4,None,No,122,121,No,No,None,None,Overheating
2025-06-02 18:00:00,EXC004,Excavator,OP1002,1,Certified,0.8,T00779,Backfilling,Zone B,Sand,Clear,Wet,Night,1623.3,1.9,51,87.8,2,30,4.8,9.5,0,Unfastened,33.3,None,No,54,62,Yes,No,None,None,None
2025-06-02 18:00:00,EXC005,Excavator,OP1004,9,Expert,0.6,T00783,Trenching,Zone C,Rock,Clear,Dry,Night,1742.8,2.1,57,88.9,12,60,7.4,11.3,1,Fastened,28.0,None,No,122,107,Yes,No,None,None,Excessive Idling
2025-06-02 22:00:00,EXC003,Excavator,OP1006,0,Trainee,5.0,T00777,Demolition,Zone D,Sand,Rain,Dry,Night,1637.8,3.1,62,87.0,10,40,0.8,10.0,1,Fastened,31.6,None,No,108,151,No,No,None,None,None
2025-06-02 22:00:00,EXC004,Excavator,OP1002,1,Certified,4.3,T00780,Trenching,Zone A,Clay,Clear,Dry,Night,1624.2,1.5,41,79.6,1,25,23.4,3.0,3,Fastened,14.3,None,No,103,104,No,No,None,None,Unsafe Tilt
2025-06-02 22:00:00,LOD001,Loader,OP1005,9,Expert,5.3,T00786,Demolition,Zone D,Sand,Clear,Muddy,Night,1714.5,3.5,66,87.6,0,55,3.3,5.4,1,Unfastened,16.9,None,No,108,133,Yes,No,None,None,Excessive Idling
2025-06-02 22:00:00,LOD003,Loader,OP1001,5,Certified,4.0,T00792,Trenching,Zone C,Gravel,Rain,Dry,Night,1607.0,2.1,39,80.0,12,25,7.0,5.7,1,Fastened,4.7,None,No,90,123,No,No,None,None,None
2025-06-03 06:00:00,EXC002,Excavator,OP1005,9,Expert,0.1,T00796,Grading,Zone A,Clay,Fog,Dry,Day,1580.6,3.6,61,124.2,2,40,18.3,6.0,3,Fastened,11.5,None,No,86,71,No,No,None,None,Overheating
2025-06-03 06:00:00,LOD001,Loader,OP1004,9,Expert,0.8,T00808,Truck Loading,Zone B,Rock,Fog,Dry,Day,1716.1,1.6,70,89.0,5,0,7.0,8.5,1,Fastened,19.6,None,No,61,62,No,No,None,None,None
2025-06-03 06:00:00,LOD002,Loader,OP1001,5,Certified,0.4,T00811,Trenching,Zone B,Gravel,Dust,Dry,Day,1755.9,1.6,47,85.7,8,30,3.6,2.7,0,Fastened,49.0,None,No,90,100,No,No,None,None,None
2025-06-03 08:00:00,EXC001,Excavator,OP1002,1,Certified,3.4,T00793,Trenching,Zone C,Clay,Clear,Dry,Day,1717.0,3.3,53,88.3,10,15,4.0,11.9,0,Fastened,46.1,None,No,103,113,No,No,None,None,None
2025-06-03 08:00:00,EXC005,Excavator,OP1008,5,Certified,3.1,T00805,Grading,Zone D,Sand,Clear,Muddy,Day,1745.6,4.4,64,87.0,10,50,0,6.8,0,Fastened,2.5,Structure,Yes,68,81,Yes,Yes,Collision,Low,Excessive Idling
2025-06-03 10:00:00,EXC005,Excavator,OP1008,5,Certified,5.2,T00806,Truck Loading,Zone B,Clay,Clear,Wet,Day,1747.4,2.6,52,88.0,10,30,4.1,10.8,1,Fastened,13.6,None,No,52,54,No,No,None,None,None
2025-06-03 12:00:00,EXC003,Excavator,OP1006,0,Trainee,6.2,T00799,Trenching,Zone C,Gravel,Rain,Muddy,Day,1640.1,2.8,67,91.2,12,0,4.7,6.4,2,Unfastened,8.0,None,No,90,166,Yes,Yes,Near Miss,High,None
2025-06-03 12:00:00,EXC004,Excavator,OP1007,6,Expert,7.3,T00802,Grading,Zone A,Sand,Clear,Dry,Day,1625.6,1.7,50,85.8,12,5,6.9,9.9,1,Fastened,54.0,None,No,68,57,No,No,None,None,None
2025-06-03 12:00:00,LOD001,Loader,OP1004,9,Expert,7.3,T00809,Truck Loading,Zone C,Clay,Clear,Dry,Day,1717.3,2.1,81,95.8,10,40,2.3,15.4,3,Fastened,1.0,Person,Yes,52,50,Yes,No,None,None,Overspeed
2025-06-03 12:00:00,LOD002,Loader,OP1001,5,Certified,6.1,T00812,Demolition,Zone B,Clay,Clear,Muddy,Day,1757.3,1.3,56,87.0,15,0,12.8,5.8,0,Fastened,52.2,None,No,138,165,No,No,None,None,None
2025-06-03 14:00:00,EXC004,Excavator,OP1007,6,Expert,8.2,T00803,Truck Loading,Zone B,Clay,Rain,Dry,Day,1627.4,2.2,52,82.7,5,10,6.2,4.1,0,Fastened,2.2,Person,Yes,52,55,Yes,Yes,Tip-over Risk,Low,None
2025-06-03 14:00:00,EXC005,Excavator,OP1008,5,Certified,8.2,T00807,Backfilling,Zone C,Sand,Clear,Dry,Day,1748.2,1.2,16,72.8,12,25,6.8,5.3,1,Fastened,46.6,None,No,54,58,No,No,None,None,None
2025-06-03 14:00:00,LOD003,Loader,OP1003,10,Expert,8.1,T00814,Backfilling,Zone C,Sand,Rain,Dry,Day,1610.4,3.3,46,83.5,8,15,2.7,8.8,1,Fastened,18.4,None,No,54,50,No,No,None,None,None
2025-06-03 16:00:00,EXC002,Excavator,OP1005,9,Expert,11.0,T00797,Demolition,Zone B,Gravel,Clear,Muddy,Day,1582.3,3.0,87,130.1,15,35,4.9,12.3,0,Fastened,57.8,None,No,120,123,No,No,None,None,Overheating
2025-06-03 16:00:00,LOD002,Loader,OP1001,5,Certified,10.6,T00813,Trenching,Zone D,Gravel,Clear,Dry,Day,1757.8,1.4,31,81.6,12,50,6.2,5.9,0,Fastened,24.2,None,No,90,100,Yes,Yes,Collision,Low,Excessive Idling
2025-06-03 16:00:00,LOD003,Loader,OP1003,10,Expert,10.3,T00815,Truck Loading,Zone C,Gravel,Clear,Dry,Day,1612.1,2.7,73,91.9,12,45,4.0,12.0,0,Unfastened,5.8,None,No,45,41,Yes,Yes,Collision,High,Excessive Idling
2025-06-03 18:00:00,EXC003,Excavator,OP1006,0,Trainee,0.6,T00800,Grading,Zone A,Clay,Clear,Wet,Night,1642.1,3.3,44,85.6,15,60,8.5,4.8,2,Fastened,20.7,None,No,86,144,Yes,Yes,Collision,Low,Excessive Idling
2025-06-03 20:00:00,EXC001,Excavator,OP1002,1,Certified,2.5,T00794,Backfilling,Zone D,Clay,Fog,Muddy,Night,1720.3,3.9,46,85.1,10,20,3.9,6.9,1,Fastened,6.8,None,No,69,102,No,No,None,None,None
2025-06-03 20:00:00,EXC003,Excavator,OP1006,0,Trainee,2.0,T00801,Backfilling,Zone A,Clay,Clear,Dry,Night,1643.8,1.7,32,79.5,12,0,3.6,7.3,0,Fastened,24.7,None,No,69,105,No,No,None,None,None
2025-06-03 20:00:00,LOD001,Loader,OP1004,9,Expert,3.1,T00810,Truck Loading,Zone C,Clay,Dust,Wet,Night,1718.2,1.4,26,75.6,2,35,5.1,8.2,2,Fastened,5.2,None,No,52,57,No,No,None,None,None
2025-06-03 22:00:00,EXC001,Excavator,OP1002,1,Certified,4.6,T00795,Grading,Zone B,Rock,Clear,Dry,Night,1722.1,3.1,51,85.0,12,55,2.1,14.7,1,Fastened,26.4,None,No,101,104,Yes,Yes,Near Miss,Low,Excessive Idling
2025-06-03 22:00:00,EXC002,Excavator,OP1005,9,Expert,4.0,T00798,Trenching,Zone C,Clay,Clear,Dry,Night,1585.4,4.9,76,126.9,2,50,4.1,5.2,0,Fastened,34.4,None,No,103,106,Yes,No,None,None,Excessive Idling
2025-06-03 22:00:00,EXC004,Excavator,OP1007,6,Expert,4.4,T00804,Trenching,Zone D,Clay,Clear,Dry,Night,1627.9,0.8,39,84.2,15,10,0,8.3,0,Unfastened,16.6,None,No,103,92,Yes,No,None,None,None
2025-06-03 22:00:00,LOD003,Loader,OP1003,10,Expert,5.1,T00816,Demolition,Zone C,Rock,Clear,Dry,Night,1614.6,3.5,67,89.9,12,50,4.4,11.4,0,Fastened,9.3,None,No,162,170,Yes,No,None,None,Excessive Idling
2025-06-04 06:00:00,EXC001,Excavator,OP1001,5,Certified,1.5,T00817,Backfilling,Zone C,Rock,Clear,Wet,Day,1723.4,2.4,79,96.4,10,35,4.7,7.0,1,Fastened,34.3,None,No,81,89,No,No,None,None,None
2025-06-04 06:00:00,LOD001,Loader,OP1004,9,Expert,0.8,T00832,Grading,Zone D,Gravel,Clear,Dry,Day,1721.5,3.7,75,92.2,10,15,4.6,8.4,0,Fastened,2.1,Person,Yes,75,68,Yes,No,None,None,None
2025-06-04 08:00:00,EXC002,Excavator,OP1007,6,Expert,3.2,T00820,Backfilling,Zone C,Clay,Fog,Muddy,Day,1586.4,1.4,36,114.5,12,20,7.3,19.5,3,Fastened,56.5,None,No,69,73,No,No,None,None,Overheating
2025-06-04 08:00:00,EXC003,Excavator,OP1006,0,Trainee,2.3,T00823,Grading,Zone A,Clay,Dust,Wet,Day,1644.3,1.0,52,88.2,2,20,4.8,0,0,Unfastened,29.5,None,No,86,124,Yes,No,None,None,None
2025-06-04 08:00:00,EXC005,Excavator,OP1008,5,Certified,2.5,T00829,Demolition,Zone B,Sand,Clear,Muddy,Day,1751.7,4.0,20,74.3,8,45,0,9.8,0,Fastened,29.2,None,No,108,135,Yes,No,None,None,Excessive Idling
2025-06-04 08:00:00,LOD001,Loader,OP1004,9,Expert,2.0,T00833,Backfilling,Zone B,Clay,Rain,Dry,Day,1723.3,2.2,55,89.2,15,25,1.8,3.8,0,Fastened,31.9,None,No,69,66,No,No,None,None,None
2025-06-04 08:00:00,LOD002,Loader,OP1005,9,Expert,2.2,T00835,Backfilling,Zone C,Gravel,Clear,Muddy,Day,1758.6,1.3,58,84.7,12,30,6.4,13.2,1,Fastened,23.3,None,No,60,68,No,No,None,None,None
2025-06-04 08:00:00,LOD003,Loader,OP1003,10,Expert,2.5,T00838,Grading,Zone A,Rock,Clear,Dry,Day,1615.2,1.2,58,90.3,2,30,7.4,3.0,0,Fastened,34.6,None,No,101,81,No,No,None,None,None
2025-06-04 10:00:00,EXC001,Excavator,OP1001,5,Certified,4.4,T00818,Demolition,Zone A,Rock,Clear,Muddy,Day,1725.1,2.3,78,90.4,2,10,5.6,10.2,0,Fastened,49.1,None,No,162,189,No,No,None,None,None
2025-06-04 10:00:00,LOD003,Loader,OP1003,10,Expert,4.6,T00839,Backfilling,Zone B,Rock,Clear,Dry,Day,1617.0,2.9,55,85.0,15,60,2.4,11.3,0,Unfastened,35.8,None,No,81,66,Yes,No,None,None,Excessive Idling
2025-06-04 12:00:00,EXC002,Excavator,OP1007,6,Expert,7.2,T00821,Truck Loading,Zone A,Clay,Clear,Dry,Day,1589.7,4.1,63,125.7,15,10,7.4,10.5,0,Fastened,9.8,None,No,52,41,No,No,None,None,Overheating
2025-06-04 12:00:00,EXC004,Excavator,OP1002,1,Certified,6.9,T00826,Grading,Zone D,Gravel,Rain,Wet,Day,1628.9,1.5,66,87.3,5,15,7.3,10.9,1,Fastened,28.1,None,No,75,104,No,No,None,None,None
2025-06-04 12:00:00,LOD002,Loader,OP1005,9,Expert,6.8,T00836,Grading,Zone A,Rock,Rain,Dry,Day,1760.5,2.0,47,83.7,10,15,9.1,4.4,0,Unfastened,6.3,None,No,101,99,Yes,No,None,None,None
2025-06-04 14:00:00,EXC002,Excavator,OP1007,6,Expert,9.3,T00822,Backfilling,Zone A,Clay,Clear,Wet,Day,1591.5,3.2,73,127.7,10,45,5.6,8.9,0,Fastened,35.1,None,No,69,61,Yes,No,None,None,Excessive Idling
2025-06-04 14:00:00,EXC004,Excavator,OP1002,1,Certified,8.6,T00827,Trenching,Zone B,Sand,Clear,Dry,Day,1630.7,1.8,32,82.5,2,0,0,12.4,0,Fastened,6.3,None,No,81,83,No,No,None,None,None
2025-06-04 14:00:00,EXC005,Excavator,OP1008,5,Certified,8.1,T00830,Demolition,Zone C,Clay,Clear,Wet,Day,1754.1,2.7,50,85.4,12,0,3.1,10.8,1,Unfastened,5.2,None,No,138,147,Yes,No,None,None,None
2025-06-04 14:00:00,LOD001,Loader,OP1004,9,Expert,8.2,T00834,Backfilling,Zone A,Sand,Fog,Muddy,Day,1725.3,2.1,57,86.1,8,15,1.7,3.9,0,Fastened,15.0,None,No,54,57,No,No,None,None,None
2025-06-04 14:00:00,LOD002,Loader,OP1005,9,Expert,8.5,T00837,Trenching,Zone C,Gravel,Clear,Dry,Day,1762.3,2.3,79,96.6,10,20,6.2,2.3,0,Fastened,38.5,None,No,90,76,No,No,None,None,None
2025-06-04 16:00:00,EXC003,Excavator,OP1006,0,Trainee,10.1,T00824,Backfilling,Zone A,Sand,Clear,Wet,Day,1645.4,2.1,56,86.2,10,45,2.9,6.8,0,Fastened,8.2,None,No,54,68,Yes,Yes,Collision,Low,Excessive Idling
2025-06-04 18:00:00,EXC001,Excavator,OP1001,5,Certified,0.6,T00819,Grading,Zone D,Rock,Clear,Dry,Night,1726.0,1.1,63,87.3,15,0,3.2,6.7,0,Fastened,29.4,None,No,101,105,No,No,None,None,None
2025-06-04 18:00:00,EXC003,Excavator,OP1006,0,Trainee,0.2,T00825,Truck Loading,Zone B,Clay,Clear,Wet,Night,1647.2,2.0,40,84.0,5,5,8.0,5.3,0,Fastened,25.1,None,No,52,78,No,No,None,None,None
2025-06-04 18:00:00,LOD003,Loader,OP1003,10,Expert,0.4,T00840,Grading,Zone D,Gravel,Clear,Dry,Night,1619.6,2.8,57,88.3,8,15,0,8.6,2,Fastened,26.2,None,No,75,69,No,No,None,None,None
2025-06-04 22:00:00,EXC004,Excavator,OP1002,1,Certified,5.0,T00828,Backfilling,Zone C,Gravel,Fog,Dry,Night,1633.7,3.7,65,87.8,12,5,12.7,12.2,2,Fastened,23.0,None,No,60,69,No,No,None,None,None
2025-06-04 22:00:00,EXC005,Excavator,OP1008,5,Certified,5.0,T00831,Grading,Zone B,Rock,Clear,Wet,Night,1756.1,2.6,52,84.8,8,15,8.4,9.7,1,Fastened,3.7,None,No,101,133,No,No,None,None,None
2025-06-05 06:00:00,EXC001,Excavator,OP1004,9,Expert,0.9,T00841,Truck Loading,Zone D,Clay,Fog,Dry,Day,1726.9,1.3,50,84.5,12,15,9.6,8.5,0,Fastened,1.0,Vehicle,Yes,52,45,Yes,Yes,Collision,Medium,None
2025-06-05 06:00:00,EXC002,Excavator,OP1005,9,Expert,1.3,T00844,Backfilling,Zone B,Gravel,Clear,Dry,Day,1592.6,1.8,52,122.0,5,30,2.0,5.1,0,Fastened,33.6,None,No,60,47,No,No,None,None,Overheating
2025-06-05 06:00:00,EXC003,Excavator,OP1006,0,Trainee,0.2,T00847,Trenching,Zone B,Sand,Fog,Dry,Day,1648.9,2.6,76,93.8,5,20,6.9,21.0,2,Fastened,37.0,None,No,81,97,No,No,None,None,Overspeed
2025-06-05 08:00:00,EXC001,Excavator,OP1004,9,Expert,2.1,T00842,Truck Loading,Zone A,Clay,Clear,Wet,Day,1728.7,2.1,53,88.1,2,5,1.7,4.0,0,Fastened,22.9,None,No,52,48,No,No,None,None,None
2025-06-05 08:00:00,EXC005,Excavator,OP1003,10,Expert,2.2,T00853,Backfilling,Zone C,Rock,Clear,Dry,Day,1757.1,2.4,59,85.8,0,60,6.2,7.1,0,Fastened,57.5,None,No,81,65,Yes,No,None,None,Excessive Idling
2025-06-05 08:00:00,LOD002,Loader,OP1008,5,Certified,2.6,T00859,Backfilling,Zone D,Rock,Dust,Dry,Day,1763.3,0.9,46,81.2,12,5,8.4,7.5,1,Fastened,47.9,None,No,81,80,No,No,None,None,None
2025-06-05 08:00:00,LOD003,Loader,OP1002,1,Certified,3.2,T00862,Demolition,Zone A,Gravel,Rain,Dry,Day,1621.3,1.6,58,86.9,10,0,8.1,7.9,0,Fastened,12.6,None,No,120,131,No,No,None,None,None
2025-06-05 10:00:00,EXC002,Excavator,OP1005,9,Expert,5.4,T00845,Grading,Zone C,Sand,Clear,Dry,Day,1595.9,3.9,31,113.9,12,30,0,6.1,1,Fastened,19.8,None,No,68,52,No,No,None,None,Overheating
2025-06-05 10:00:00,EXC003,Excavator,OP1006,0,Trainee,4.5,T00848,Truck Loading,Zone B,Clay,Clear,Dry,Day,1651.8,3.5,57,88.7,15,5,8.9,8.3,1,Unfastened,28.7,None,No,52,57,Yes,Yes,Tip-over Risk,Low,None
2025-06-05 10:00:00,EXC004,Excavator,OP1007,6,Expert,5.2,T00850,Demolition,Zone C,Sand,Clear,Dry,Day,1635.4,3.2,68,91.2,8,55,8.7,8.8,0,Fastened,48.4,None,No,108,95,Yes,No,None,None,Excessive Idling
2025-06-05 10:00:00,LOD001,Loader,OP1001,5,Certified,4.9,T00856,Trenching,Zone C,Rock,Clear,Dry,Day,1725.9,0.8,54,86.8,0,15,3.3,5.4,2,Fastened,3.5,None,No,122,128,No,No,None,None,None
2025-06-05 12:00:00,EXC005,Excavator,OP1003,10,Expert,7.1,T00854,Demolition,Zone B,Sand,Dust,Dry,Day,1757.6,0.8,37,81.2,15,15,4.9,16.2,3,Fastened,23.3,None,No,108,102,No,No,None,None,Overspeed
2025-06-05 14:00:00,LOD002,Loader,OP1008,5,Certified,9.4,T00860,Backfilling,Zone D,Rock,Clear,Dry,Day,1766.5,2.8,25,76.9,10,15,9.2,7.9,0,Fastened,39.9,None,No,81,80,No,No,None,None,None
2025-06-05 16:00:00,EXC005,Excavator,OP1003,10,Expert,10.8,T00855,Demolition,Zone B,Gravel,Fog,Dry,Day,1759.1,1.9,35,78.5,10,20,6.9,7.8,0,Fastened,30.4,None,No,120,103,No,No,None,None,None
2025-06-05 16:00:00,LOD002,Loader,OP1008,5,Certified,10.2,T00861,Truck Loading,Zone A,Sand,Clear,Dry,Day,1768.3,1.8,55,89.3,0,5,7.1,4.4,1,Fastened,25.4,None,No,40,43,No,No,None,None,None
2025-06-05 18:00:00,EXC001,Excavator,OP1004,9,Expert,1.4,T00843,Backfilling,Zone B,Clay,Dust,Dry,Night,1730.9,2.6,48,81.9,5,10,7.6,5.2,0,Fastened,7.1,None,No,69,72,No,No,None,None,None
2025-06-05 20:00:00,EXC004,Excavator,OP1007,6,Expert,3.0,T00851,Demolition,Zone C,Gravel,Dust,Wet,Night,1637.1,2.2,62,91.2,5,10,8.6,9.0,1,Fastened,16.8,None,No,120,130,No,No,None,None,None
2025-06-05 20:00:00,LOD001,Loader,OP1001,5,Certified,2.5,T00857,Demolition,Zone B,Rock,Clear,Dry,Night,1728.4,2.8,66,90.8,2,15,0.7,10.8,1,Fastened,18.8,None,No,162,196,No,No,None,None,None
2025-06-05 20:00:00,LOD003,Loader,OP1002,1,Certified,2.5,T00863,Truck Loading,Zone A,Clay,Clear,Dry,Night,1623.4,3.1,70,88.0,5,50,2.8,5.5,0,Fastened,23.9,None,No,52,64,Yes,No,None,None,Excessive Idling
2025-06-05 22:00:00,EXC002,Excavator,OP1005,9,Expert,4.2,T00846,Grading,Zone B,Clay,Clear,Dry,Night,1598.0,2.5,42,119.8,8,15,5.9,9.1,1,Fastened,28.7,None,No,86,93,No,No,None,None,Overheating
2025-06-05 22:00:00,EXC003,Excavator,OP1006,0,Trainee,5.5,T00849,Trenching,Zone D,Clay,Rain,Muddy,Night,1654.0,2.4,44,85.5,2,0,7.3,10.2,0,Fastened,34.5,None,No,103,213,No,No,None,None,None
2025-06-05 22:00:00,EXC004,Excavator,OP1007,6,Expert,4.4,T00852,Demolition,Zone A,Rock,Rain,Muddy,Night,1638.6,1.8,61,85.5,8,0,2.8,8.3,1,Unfastened,22.4,None,No,162,249,Yes,No,None,None,None
2025-06-05 22:00:00,LOD001,Loader,OP1001,5,Certified,4.8,T00858,Truck Loading,Zone B,Clay,Rain,Wet,Night,1729.2,1.3,69,88.6,5,25,1.2,13.1,1,Fastened,28.3,None,No,52,67,No,No,None,None,None
2025-06-05 22:00:00,LOD003,Loader,OP1002,1,Certified,4.9,T00864,Backfilling,Zone B,Rock,Fog,Wet,Night,1624.1,0.6,25,79.8,12,5,2.8,11.5,0,Fastened,29.5,None,No,81,119,No,No,None,None,None
2025-06-06 06:00:00,EXC003,Excavator,OP1003,10,Expert,0.4,T00871,Demolition,Zone D,Sand,Fog,Dry,Day,1654.5,1.8,59,87.5,12,60,6.4,7.0,2,Fastened,11.6,None,No,108,91,Yes,No,None,None,Excessive Idling
2025-06-06 08:00:00,EXC001,Excavator,OP1002,1,Certified,2.8,T00865,Trenching,Zone A,Clay,Clear,Wet,Day,1734.3,3.9,50,85.2,5,10,4.1,10.7,0,Fastened,44.0,None,No,103,125,No,No,None,None,None
2025-06-06 08:00:00,LOD003,Loader,OP1006,0,Trainee,2.2,T00886,Truck Loading,Zone A,Rock,Clear,Muddy,Day,1626.2,2.9,54,83.8,8,50,7.7,10.8,0,Fastened,35.8,None,No,61,99,Yes,No,None,None,Excessive Idling
2025-06-06 10:00:00,EXC003,Excavator,OP1003,10,Expert,4.4,T00872,Truck Loading,Zone B,Clay,Fog,Wet,Day,1656.6,3.3,35,81.9,5,60,3.7,13.9,0,Fastened,31.3,None,No,52,50,Yes,Yes,Collision,Medium,Excessive Idling
2025-06-06 10:00:00,EXC005,Excavator,OP1004,9,Expert,4.0,T00877,Truck Loading,Zone C,Gravel,Rain,Dry,Day,1762.1,4.8,78,92.8,12,50,6.7,14.5,0,Fastened,17.3,None,No,45,41,Yes,No,None,None,Excessive Idling
2025-06-06 10:00:00,LOD001,Loader,OP1007,6,Expert,5.3,T00880,Grading,Zone D,Clay,Clear,Dry,Day,1731.9,2.9,53,86.5,15,20,10.8,8.4,1,Fastened,32.3,None,No,86,79,No,No,None,None,None
2025-06-06 10:00:00,LOD002,Loader,OP1008,5,Certified,5.2,T00883,Trenching,Zone B,Gravel,Clear,Dry,Day,1770.6,3.0,44,86.0,10,50,2.7,5.0,0,Fastened,7.6,None,No,90,94,Yes,No,None,None,Excessive Idling
2025-06-06 12:00:00,EXC001,Excavator,OP1002,1,Certified,6.7,T00866,Trenching,Zone D,Rock,Clear,Dry,Day,1736.9,3.7,59,88.5,12,35,3.4,2.2,0,Fastened,5.4,None,No,122,111,No,No,None,None,None
2025-06-06 12:00:00,EXC004,Excavator,OP1001,5,Certified,6.7,T00874,Backfilling,Zone A,Clay,Clear,Dry,Day,1639.3,0.7,48,83.6,12,0,3.5,10.3,1,Unfastened,15.9,None,No,69,77,Yes,No,None,None,None
2025-06-06 12:00:00,EXC005,Excavator,OP1004,9,Expert,7.0,T00878,Backfilling,Zone B,Rock,Clear,Dry,Day,1763.9,2.4,33,78.8,10,30,3.4,9.9,2,Fastened,9.3,None,No,81,73,No,No,None,None,None
2025-06-06 12:00:00,LOD001,Loader,OP1007,6,Expert,7.3,T00881,Truck Loading,Zone B,Sand,Clear,Dry,Day,1732.6,0.8,60,89.8,8,5,4.4,7.6,1,Fastened,11.8,None,No,40,35,No,No,None,None,None
2025-06-06 14:00:00,EXC004,Excavator,OP1001,5,Certified,8.6,T00875,Grading,Zone D,Rock,Fog,Dry,Day,1640.6,1.6,56,89.3,0,5,3.5,4.9,1,Fastened,11.5,None,No,101,104,No,No,None,None,None
2025-06-06 14:00:00,LOD001,Loader,OP1007,6,Expert,8.3,T00882,Grading,Zone C,Rock,Fog,Dry,Day,1734.4,2.6,56,86.9,5,45,4.1,5.2,1,Fastened,23.5,None,No,101,89,Yes,Yes,Collision,Low,Excessive Idling
2025-06-06 14:00:00,LOD002,Loader,OP1008,5,Certified,8.8,T00884,Demolition,Zone B,Clay,Fog,Wet,Day,1772.5,1.6,37,79.8,1,0,2.5,6.3,0,Fastened,31.5,None,No,138,157,No,No,None,None,None
2025-06-06 18:00:00,EXC002,Excavator,OP1005,9,Expert,0.3,T00868,Demolition,Zone B,Clay,Clear,Dry,Night,1601.1,4.7,62,125.2,10,50,7.3,7.7,0,Fastened,5.5,None,No,138,138,Yes,No,None,None,Excessive Idling
2025-06-06 18:00:00,LOD002,Loader,OP1008,5,Certified,1.4,T00885,Demolition,Zone C,Rock,Clear,Dry,Night,1775.5,3.6,44,82.3,12,50,9.2,12.7,0,Fastened,5.7,None,No,162,203,Yes,No,None,None,Excessive Idling
2025-06-06 18:00:00,LOD003,Loader,OP1006,0,Trainee,0.2,T00887,Truck Loading,Zone B,Clay,Clear,Dry,Night,1627.2,1.7,37,84.0,8,40,3.1,14.3,1,Fastened,29.6,None,No,52,70,No,No,None,None,None
2025-06-06 20:00:00,EXC001,Excavator,OP1002,1,Certified,2.9,T00867,Trenching,Zone A,Rock,Clear,Dry,Night,1740.3,3.9,50,85.0,8,10,2.4,12.7,1,Fastened,13.9,None,No,122,142,No,No,None,None,None
2025-06-06 20:00:00,EXC002,Excavator,OP1005,9,Expert,2.0,T00869,Backfilling,Zone D,Sand,Clear,Muddy,Night,1602.4,2.0,53,118.9,12,25,5.4,3.6,1,Fastened,24.8,None,No,54,63,No,No,None,None,Overheating
2025-06-06 20:00:00,LOD003,Loader,OP1006,0,Trainee,2.9,T00888,Demolition,Zone A,Sand,Clear,Dry,Night,1629.0,2.8,73,90.2,2,50,3.2,12.8,1,Fastened,27.2,None,No,108,144,Yes,No,None,None,Excessive Idling
2025-06-06 22:00:00,EXC002,Excavator,OP1005,9,Expert,5.3,T00870,Grading,Zone B,Clay,Fog,Wet,Night,1603.8,1.9,51,124.0,2,20,8.2,4.8,1,Fastened,14.1,None,No,86,105,No,No,None,None,Overheating
2025-06-06 22:00:00,EXC003,Excavator,OP1003,10,Expert,5.4,T00873,Truck Loading,Zone C,Clay,Rain,Wet,Night,1657.2,1.9,37,78.2,10,60,2.5,6.4,1,Fastened,7.4,None,No,52,62,Yes,No,None,None,Excessive Idling
2025-06-06 22:00:00,EXC004,Excavator,OP1001,5,Certified,4.3,T00876,Grading,Zone B,Sand,Dust,Wet,Night,1642.9,2.7,44,82.0,12,10,11.0,8.6,0,Fastened,6.7,None,No,68,89,No,No,None,None,None
2025-06-06 22:00:00,EXC005,Excavator,OP1004,9,Expert,4.2,T00879,Demolition,Zone D,Gravel,Clear,Dry,Night,1764.7,1.0,58,86.3,5,0,4.3,5.6,1,Fastened,23.2,None,No,120,105,No,No,None,None,None
2025-06-07 06:00:00,EXC002,Excavator,OP1006,0,Trainee,0.8,T00892,Backfilling,Zone D,Sand,Clear,Dry,Day,1605.0,1.9,43,118.4,15,30,6.5,12.7,1,Fastened,41.3,None,No,54,68,No,No,None,None,Overheating
2025-06-07 06:00:00,EXC003,Excavator,OP1001,5,Certified,0.8,T00895,Grading,Zone C,Rock,Fog,Wet,Day,1660.0,3.5,62,90.1,12,10,2.7,8.9,0,Fastened,38.9,None,No,101,115,No,No,None,None,None
2025-06-07 06:00:00,EXC004,Excavator,OP1003,10,Expert,1.4,T00898,Truck Loading,Zone A,Sand,Rain,Wet,Day,1643.6,1.1,55,83.8,8,15,3.9,5.9,0,Fastened,6.2,None,No,40,43,No,No,None,None,None
2025-06-07 06:00:00,LOD002,Loader,OP1004,9,Expert,0.7,T00907,Truck Loading,Zone A,Rock,Dust,Dry,Day,1776.1,1.5,66,87.1,5,45,7.4,7.6,0,Fastened,34.0,None,No,61,52,Yes,Yes,Tip-over Risk,High,Excessive Idling
2025-06-07 08:00:00,EXC001,Excavator,OP1008,5,Certified,2.4,T00889,Trenching,Zone B,Sand,Fog,Muddy,Day,1742.6,3.1,72,88.9,10,15,8.3,2.5,0,Unfastened,43.3,None,No,81,104,Yes,Yes,Collision,Low,None
2025-06-07 08:00:00,EXC003,Excavator,OP1001,5,Certified,2.8,T00896,Trenching,Zone D,Clay,Fog,Wet,Day,1661.8,2.0,52,85.6,12,0,6.9,11.2,1,Fastened,45.1,None,No,103,131,No,No,None,None,None
2025-06-07 08:00:00,LOD003,Loader,OP1005,9,Expert,2.2,T00910,Trenching,Zone D,Clay,Clear,Wet,Day,1631.9,3.5,60,90.0,5,35,8.2,11.7,0,Fastened,3.6,None,No,103,91,No,No,None,None,Unsafe Tilt
2025-06-07 10:00:00,EXC002,Excavator,OP1006,0,Trainee,4.1,T00893,Demolition,Zone C,Rock,Rain,Dry,Day,1608.2,4.5,45,123.4,12,55,6.3,12.3,1,Fastened,58.8,None,No,162,231,Yes,Yes,Near Miss,Low,Excessive Idling
2025-06-07 10:00:00,EXC003,Excavator,OP1001,5,Certified,4.3,T00897,Backfilling,Zone D,Gravel,Clear,Wet,Day,1663.0,1.9,50,87.7,10,30,4.0,10.8,0,Fastened,8.5,None,No,60,61,No,No,None,None,None
2025-06-07 10:00:00,EXC004,Excavator,OP1003,10,Expert,5.2,T00899,Trenching,Zone D,Clay,Rain,Dry,Day,1646.6,3.7,49,81.9,15,20,12.3,6.4,0,Fastened,56.1,None,No,103,115,No,No,None,None,None
2025-06-07 10:00:00,LOD001,Loader,OP1007,6,Expert,4.2,T00904,Trenching,Zone C,Sand,Clear,Muddy,Day,1736.8,3.6,74,89.3,1,55,2.7,7.8,0,Unfastened,23.2,None,No,81,83,Yes,Yes,Tip-over Risk,Low,Excessive Idling
2025-06-07 10:00:00,LOD002,Loader,OP1004,9,Expert,4.9,T00908,Grading,Zone C,Sand,Clear,Dry,Day,1779.1,2.9,61,91.1,15,0,6.8,7.7,1,Fastened,4.9,None,No,68,56,No,No,None,None,None
2025-06-07 10:00:00,LOD003,Loader,OP1005,9,Expert,4.5,T00911,Trenching,Zone D,Rock,Dust,Dry,Day,1633.7,2.4,66,88.5,0,30,1.6,2.2,1,Fastened,27.3,None,No,122,103,Yes,No,None,None,None
2025-06-07 14:00:00,EXC001,Excavator,OP1008,5,Certified,8.3,T00890,Backfilling,Zone C,Clay,Dust,Wet,Day,1744.5,3.1,65,87.8,5,40,7.5,7.4,0,Fastened,48.1,None,No,69,86,No,No,None,None,None
2025-06-07 14:00:00,EXC004,Excavator,OP1003,10,Expert,8.3,T00900,Backfilling,Zone B,Gravel,Clear,Dry,Day,1648.2,2.9,58,87.6,10,50,6.2,10.5,1,Fastened,23.5,None,No,60,57,Yes,Yes,Near Miss,Low,Excessive Idling
2025-06-07 14:00:00,LOD002,Loader,OP1004,9,Expert,9.1,T00909,Truck Loading,Zone C,Clay,Dust,Dry,Day,1781.1,2.0,73,90.4,5,0,5.4,7.3,0,Fastened,0.8,Structure,Yes,52,46,Yes,No,None,None,None
2025-06-07 16:00:00,EXC005,Excavator,OP1002,1,Certified,11.0,T00901,Truck Loading,Zone A,Clay,Clear,Wet,Day,1765.4,1.1,68,88.6,12,15,7.9,7.6,0,Fastened,1.7,Person,Yes,52,55,Yes,No,None,None,None
2025-06-07 18:00:00,EXC002,Excavator,OP1006,0,Trainee,0.3,T00894,Demolition,Zone C,Clay,Rain,Wet,Night,1609.1,1.4,33,119.5,8,25,2.1,7.2,0,Fastened,27.4,None,No,138,238,No,No,None,None,Overheating
2025-06-07 18:00:00,EXC005,Excavator,OP1002,1,Certified,1.4,T00902,Trenching,Zone D,Clay,Clear,Dry,Night,1767.2,2.7,58,85.6,12,30,6.2,3.5,0,Fastened,14.4,None,No,103,110,No,No,None,None,None
2025-06-07 20:00:00,EXC005,Excavator,OP1002,1,Certified,2.2,T00903,Grading,Zone C,Gravel,Rain,Wet,Night,1769.0,2.3,69,90.5,2,5,17.6,8.0,2,Fastened,11.0,None,No,75,122,No,No,None,None,Unsafe Tilt
2025-06-07 20:00:00,LOD001,Loader,OP1007,6,Expert,3.0,T00905,Trenching,Zone B,Sand,Clear,Dry,Night,1738.4,2.5,94,96.0,12,35,6.2,9.3,0,Fastened,1.9,Person,Yes,81,78,Yes,Yes,Tip-over Risk,Low,None
2025-06-07 22:00:00,EXC001,Excavator,OP1008,5,Certified,4.0,T00891,Grading,Zone A,Rock,Clear,Muddy,Night,1746.0,2.5,73,90.3,5,30,0.7,9.1,1,Fastened,10.9,None,No,101,144,No,No,None,None,None
2025-06-07 22:00:00,LOD001,Loader,OP1007,6,Expert,4.8,T00906,Trenching,Zone D,Sand,Clear,Dry,Night,1740.2,2.1,40,81.9,5,30,4.3,14.1,0,Fastened,17.0,None,No,81,84,No,No,None,None,None
2025-06-07 22:00:00,LOD003,Loader,OP1005,9,Expert,4.1,T00912,Demolition,Zone C,Gravel,Clear,Dry,Night,1634.5,0.9,76,94.6,12,5,5.5,9.8,1,Fastened,15.2,None,No,120,119,No,No,None,None,None
2025-06-08 06:00:00,EXC002,Excavator,OP1005,9,Expert,0.8,T00916,Backfilling,Zone A,Clay,Clear,Muddy,Day,1611.2,2.8,13,112.7,5,50,1.2,8.6,1,Unfastened,43.2,None,No,69,83,Yes,Yes,Tip-over Risk,Low,Excessive Idling
2025-06-08 06:00:00,EXC004,Excavator,OP1006,0,Trainee,0.5,T00922,Demolition,Zone B,Gravel,Rain,Dry,Day,1649.7,2.4,70,93.2,12,25,23.5,11.8,1,Fastened,22.9,None,No,120,161,No,No,None,None,Unsafe Tilt
2025-06-08 06:00:00,LOD002,Loader,OP1004,9,Expert,0.0,T00931,Backfilling,Zone A,Clay,Clear,Dry,Day,1784.3,2.8,41,84.1,8,0,5.4,6.1,1,Fastened,40.4,None,No,69,55,No,No,None,None,None
2025-06-08 08:00:00,EXC001,Excavator,OP1007,6,Expert,3.1,T00913,Demolition,Zone C,Sand,Fog,Wet,Day,1746.8,1.5,70,93.5,10,25,6.9,4.0,0,Unfastened,9.8,None,No,108,117,Yes,No,None,None,None
2025-06-08 08:00:00,EXC002,Excavator,OP1005,9,Expert,3.1,T00917,Grading,Zone D,Gravel,Rain,Muddy,Day,1612.4,1.1,14,114.3,2,5,8.3,8.3,0,Fastened,1.4,Vehicle,Yes,75,89,Yes,No,None,None,Overheating
2025-06-08 08:00:00,EXC004,Excavator,OP1006,0,Trainee,2.3,T00923,Trenching,Zone B,Sand,Fog,Dry,Day,1651.5,2.8,54,88.9,5,40,5.0,11.9,1,Fastened,59.3,None,No,81,102,No,No,None,None,None
2025-06-08 08:00:00,EXC005,Excavator,OP1003,10,Expert,3.1,T00925,Demolition,Zone C,Clay,Clear,Wet,Day,1772.3,4.8,48,81.5,10,60,7.5,8.9,1,Fastened,42.7,None,No,138,143,Yes,Yes,Near Miss,Low,Excessive Idling
2025-06-08 08:00:00,LOD002,Loader,OP1004,9,Expert,3.3,T00932,Demolition,Zone A,Clay,Clear,Dry,Day,1785.5,2.0,32,77.5,12,50,7.5,9.9,0,Fastened,28.9,None,No,138,109,Yes,No,None,None,Excessive Idling
2025-06-08 10:00:00,LOD003,Loader,OP1001,5,Certified,4.6,T00934,Grading,Zone C,Rock,Fog,Dry,Day,1635.5,1.2,52,83.8,2,15,5.3,5.2,1,Fastened,29.4,None,No,101,108,No,No,None,None,None
2025-06-08 12:00:00,LOD002,Loader,OP1004,9,Expert,6.5,T00933,Trenching,Zone A,Sand,Dust,Muddy,Day,1788.3,2.6,42,82.6,1,10,7.8,7.8,1,Fastened,40.6,None,No,81,93,No,No,None,None,None
2025-06-08 12:00:00,LOD003,Loader,OP1001,5,Certified,7.1,T00935,Trenching,Zone A,Sand,Clear,Dry,Day,1637.3,1.5,29,80.7,0,5,7.0,6.5,1,Fastened,34.2,None,No,81,78,No,No,None,None,None
2025-06-08 16:00:00,EXC003,Excavator,OP1008,5,Certified,11.2,T00919,Truck Loading,Zone A,Gravel,Dust,Wet,Day,1666.4,4.1,27,76.7,15,45,7.1,2.4,1,Fastened,23.2,None,No,45,55,Yes,Yes,Near Miss,Low,Excessive Idling
2025-06-08 16:00:00,LOD001,Loader,OP1002,1,Certified,11.5,T00928,Truck Loading,Zone C,Gravel,Clear,Wet,Day,1740.8,0.7,63,89.4,8,5,4.7,4.7,1,Fastened,16.7,None,No,45,47,No,No,None,None,None
2025-06-08 16:00:00,LOD003,Loader,OP1001,5,Certified,11.2,T00936,Demolition,Zone B,Rock,Fog,Dry,Day,1639.0,1.5,45,80.6,5,0,6.1,6.5,1,Fastened,50.3,None,No,162,175,No,No,None,None,None
2025-06-08 18:00:00,EXC001,Excavator,OP1007,6,Expert,0.8,T00914,Trenching,Zone C,Rock,Rain,Muddy,Night,1748.8,2.8,70,89.0,12,15,4.4,15.6,4,Fastened,27.9,None,No,122,169,No,No,None,None,Overspeed
2025-06-08 18:00:00,EXC003,Excavator,OP1008,5,Certified,1.4,T00920,Grading,Zone C,Rock,Dust,Dry,Night,1668.2,2.5,78,95.7,5,10,6.6,1.0,0,Fastened,23.2,None,No,101,122,No,No,None,None,None
2025-06-08 18:00:00,EXC004,Excavator,OP1006,0,Trainee,0.1,T00924,Trenching,Zone A,Rock,Clear,Wet,Night,1654.1,3.6,80,92.4,0,10,2.9,6.6,1,Fastened,20.2,None,No,122,163,No,No,None,None,None
2025-06-08 18:00:00,EXC005,Excavator,OP1003,10,Expert,1.0,T00926,Demolition,Zone D,Clay,Clear,Dry,Night,1775.3,4.3,62,85.8,10,35,4.5,11.2,1,Fastened,32.2,None,No,138,143,No,No,None,None,None
2025-06-08 18:00:00,LOD001,Loader,OP1002,1,Certified,0.7,T00929,Backfilling,Zone A,Gravel,Clear,Wet,Night,1742.5,2.4,39,84.0,12,50,8.7,5.9,2,Unfastened,29.8,None,No,60,71,Yes,No,None,None,Excessive Idling
2025-06-08 20:00:00,EXC001,Excavator,OP1007,6,Expert,3.4,T00915,Grading,Zone A,Clay,Rain,Muddy,Night,1750.6,3.2,53,86.9,12,60,5.5,8.6,1,Fastened,2.6,Vehicle,Yes,86,125,Yes,No,None,None,Excessive Idling
2025-06-08 20:00:00,EXC002,Excavator,OP1005,9,Expert,3.2,T00918,Grading,Zone B,Rock,Clear,Dry,Night,1615.8,4.9,46,120.7,1,60,4.6,5.6,0,Fastened,16.6,None,No,101,110,Yes,Yes,Collision,Medium,Excessive Idling
2025-06-08 20:00:00,EXC003,Excavator,OP1008,5,Certified,2.9,T00921,Truck Loading,Zone C,Gravel,Clear,Dry,Night,1670.0,2.2,49,86.3,10,10,10.4,7.1,0,Fastened,19.4,None,No,45,58,No,No,None,None,None
2025-06-08 20:00:00,LOD001,Loader,OP1002,1,Certified,2.0,T00930,Truck Loading,Zone C,Sand,Clear,Muddy,Night,1744.3,1.9,57,85.4,8,10,2.6,10.8,1,Fastened,19.8,None,No,40,63,No,No,None,None,None
2025-06-08 22:00:00,EXC005,Excavator,OP1003,10,Expert,5.3,T00927,Backfilling,Zone D,Gravel,Clear,Dry,Night,1777.6,2.8,40,84.2,5,25,6.0,13.4,1,Fastened,26.0,None,No,60,54,No,No,None,None,None
2025-06-09 06:00:00,EXC004,Excavator,OP1005,9,Expert,0.3,T00946,Grading,Zone B,Gravel,Rain,Dry,Day,1654.8,1.5,59,90.4,15,30,6.6,11.5,2,Fastened,10.1,None,No,75,76,No,No,None,None,None
2025-06-09 06:00:00,LOD001,Loader,OP1007,6,Expert,0.1,T00952,Truck Loading,Zone A,Clay,Clear,Wet,Day,1745.4,1.3,37,79.7,12,20,2.7,11.2,1,Fastened,35.0,None,No,52,44,No,No,None,None,None
2025-06-09 06:00:00,LOD003,Loader,OP1001,5,Certified,0.3,T00958,Truck Loading,Zone B,Sand,Clear,Wet,Day,1640.6,1.8,69,90.2,15,10,20.3,3.7,3,Fastened,33.3,None,No,40,41,No,No,None,None,Unsafe Tilt
2025-06-09 08:00:00,EXC001,Excavator,OP1006,0,Trainee,3.3,T00937,Demolition,Zone A,Rock,Clear,Wet,Day,1752.4,3.0,40,83.1,5,55,4.6,6.2,0,Fastened,21.5,None,No,162,194,Yes,Yes,Tip-over Risk,High,Excessive Idling
2025-06-09 08:00:00,EXC004,Excavator,OP1005,9,Expert,3.0,T00947,Trenching,Zone B,Clay,Dust,Dry,Day,1656.3,1.8,67,92.0,10,0,1.9,6.9,2,Fastened,15.5,None,No,103,106,No,No,None,None,None
2025-06-09 08:00:00,LOD003,Loader,OP1001,5,Certified,3.1,T00959,Trenching,Zone D,Rock,Fog,Dry,Day,1642.4,3.0,75,90.9,8,55,5.3,7.8,1,Fastened,51.6,None,No,122,122,Yes,No,None,None,Excessive Idling
2025-06-09 10:00:00,EXC001,Excavator,OP1006,0,Trainee,4.9,T00938,Truck Loading,Zone A,Rock,Dust,Dry,Day,1753.3,1.3,65,90.4,8,10,5.1,3.3,1,Unfastened,18.3,None,No,61,89,Yes,Yes,Collision,Low,None
2025-06-09 10:00:00,EXC004,Excavator,OP1005,9,Expert,4.4,T00948,Truck Loading,Zone B,Rock,Clear,Dry,Day,1657.5,1.9,50,87.0,10,25,3.8,8.0,0,Fastened,28.2,None,No,61,51,No,No,None,None,None
2025-06-09 10:00:00,LOD001,Loader,OP1007,6,Expert,4.4,T00953,Grading,Zone B,Clay,Rain,Muddy,Day,1748.4,2.8,36,82.8,8,20,6.8,8.6,1,Fastened,33.9,None,No,86,103,No,No,None,None,None
2025-06-09 10:00:00,LOD002,Loader,OP1003,10,Expert,5.2,T00955,Demolition,Zone D,Gravel,Clear,Wet,Day,1788.9,1.8,69,89.6,8,60,1.7,8.7,0,Fastened,52.3,None,No,120,123,Yes,Yes,Near Miss,Low,Excessive Idling
2025-06-09 12:00:00,EXC003,Excavator,OP1008,5,Certified,7.5,T00943,Trenching,Zone A,Sand,Rain,Wet,Day,1673.2,4.4,40,84.9,1,50,2.3,7.3,0,Fastened,42.3,None,No,81,101,Yes,No,None,None,Excessive Idling
2025-06-09 12:00:00,LOD002,Loader,OP1003,10,Expert,6.5,T00956,Backfilling,Zone C,Sand,Clear,Dry,Day,1790.7,2.8,51,88.0,12,60,4.0,8.1,1,Fastened,36.0,None,No,54,43,Yes,No,None,None,Excessive Idling
2025-06-09 14:00:00,EXC002,Excavator,OP1002,1,Certified,8.2,T00940,Backfilling,Zone A,Sand,Fog,Dry,Day,1617.8,2.5,63,128.2,8,10,2.4,8.6,1,Fastened,13.2,None,No,54,64,No,No,None,None,Overheating
2025-06-09 14:00:00,EXC003,Excavator,OP1008,5,Certified,8.7,T00944,Trenching,Zone A,Sand,Fog,Dry,Day,1675.0,2.9,57,89.1,5,40,4.0,3.9,1,Fastened,10.8,None,No,81,90,No,No,None,None,None
2025-06-09 14:00:00,LOD003,Loader,OP1001,5,Certified,8.3,T00960,Truck Loading,Zone A,Rock,Clear,Muddy,Day,1645.5,2.8,48,82.6,5,0,5.6,4.3,2,Unfastened,7.6,None,No,61,80,Yes,Yes,Collision,Medium,None
2025-06-09 16:00:00,EXC001,Excavator,OP1006,0,Trainee,10.9,T00939,Truck Loading,Zone B,Gravel,Fog,Dry,Day,1756.4,3.6,54,87.4,10,5,3.1,5.9,0,Fastened,17.0,None,No,45,63,No,No,None,None,None
2025-06-09 16:00:00,EXC005,Excavator,OP1004,9,Expert,10.9,T00949,Trenching,Zone B,Clay,Clear,Dry,Day,1779.9,2.8,49,87.1,8,10,6.3,3.0,0,Fastened,54.2,None,No,103,84,No,No,None,None,None
2025-06-09 16:00:00,LOD001,Loader,OP1007,6,Expert,10.5,T00954,Trenching,Zone C,Sand,Clear,Dry,Day,1750.8,1.9,34,81.9,8,0,4.5,6.1,0,Fastened,46.7,None,No,81,67,No,No,None,None,None
2025-06-09 18:00:00,EXC002,Excavator,OP1002,1,Certified,1.3,T00941,Trenching,Zone D,Sand,Dust,Muddy,Night,1618.8,2.4,62,127.0,0,60,3.8,15.5,3,Unfastened,27.5,None,No,81,137,Yes,No,None,None,Excessive Idling
2025-06-09 18:00:00,EXC005,Excavator,OP1004,9,Expert,1.5,T00950,Truck Loading,Zone D,Sand,Clear,Wet,Night,1780.7,1.7,66,92.5,8,35,7.3,11.4,2,Fastened,14.2,None,No,40,39,No,No,None,None,None
2025-06-09 20:00:00,EXC002,Excavator,OP1002,1,Certified,3.2,T00942,Truck Loading,Zone A,Rock,Fog,Wet,Night,1619.5,1.0,66,126.9,5,5,10.2,6.5,1,Fastened,6.2,None,No,61,89,No,No,None,None,Overheating
2025-06-09 20:00:00,EXC003,Excavator,OP1008,5,Certified,2.5,T00945,Backfilling,Zone C,Gravel,Clear,Wet,Night,1676.1,1.6,80,97.0,8,10,5.1,8.4,0,Fastened,25.9,None,No,60,76,No,No,None,None,None
2025-06-09 20:00:00,LOD002,Loader,OP1003,10,Expert,2.9,T00957,Backfilling,Zone D,Sand,Clear,Dry,Night,1793.2,3.5,57,87.6,15,60,4.1,9.4,1,Fastened,26.0,None,No,54,46,Yes,No,None,None,Excessive Idling
2025-06-09 22:00:00,EXC005,Excavator,OP1004,9,Expert,4.2,T00951,Demolition,Zone A,Rock,Clear,Wet,Night,1781.3,0.7,54,84.8,10,5,1.3,7.7,1,Fastened,25.1,None,No,162,154,No,No,None,None,None
2025-06-10 06:00:00,EXC002,Excavator,OP1004,9,Expert,0.8,T00964,Backfilling,Zone C,Clay,Clear,Wet,Day,1620.8,1.4,22,115.2,1,10,4.8,12.6,1,Fastened,50.8,None,No,69,65,No,No,None,None,Overheating
2025-06-10 06:00:00,LOD002,Loader,OP1005,9,Expert,1.4,T00979,Backfilling,Zone B,Gravel,Fog,Muddy,Day,1794.6,1.5,56,88.3,8,10,2.7,10.1,0,Fastened,2.0,Person,Yes,60,65,Yes,No,None,None,None
2025-06-10 08:00:00,EXC004,Excavator,OP1001,5,Certified,2.2,T00970,Trenching,Zone B,Rock,Dust,Dry,Day,1660.8,5.6,98,101.3,12,45,9.7,4.2,1,Fastened,53.1,None,No,122,126,Yes,Yes,Near Miss,Low,Excessive Idling
2025-06-10 08:00:00,EXC005,Excavator,OP1008,5,Certified,3.1,T00973,Backfilling,Zone D,Clay,Rain,Muddy,Day,1782.1,1.1,69,92.9,5,5,2.5,9.2,0,Fastened,46.6,None,No,69,96,No,No,None,None,None
2025-06-10 08:00:00,LOD002,Loader,OP1005,9,Expert,2.4,T00980,Demolition,Zone A,Sand,Clear,Wet,Day,1796.4,2.1,51,84.8,8,25,9.7,10.1,0,Fastened,28.4,None,No,108,102,No,No,None,None,None
2025-06-10 08:00:00,LOD003,Loader,OP1002,1,Certified,2.9,T00982,Grading,Zone B,Rock,Clear,Wet,Day,1646.5,1.1,47,84.0,10,10,8.4,4.9,0,Fastened,23.0,None,No,101,122,No,No,None,None,None
2025-06-10 10:00:00,EXC001,Excavator,OP1006,0,Trainee,5.5,T00961,Backfilling,Zone D,Clay,Clear,Dry,Day,1759.4,4.7,64,89.9,8,60,2.0,7.4,1,Fastened,13.9,None,No,69,85,Yes,Yes,Collision,Low,Excessive Idling
2025-06-10 10:00:00,EXC003,Excavator,OP1007,6,Expert,5.4,T00967,Truck Loading,Zone A,Sand,Clear,Wet,Day,1678.4,2.7,45,81.2,0,15,0,8.8,1,Unfastened,32.9,None,No,40,40,Yes,No,None,None,None
2025-06-10 10:00:00,EXC005,Excavator,OP1008,5,Certified,5.0,T00974,Demolition,Zone C,Clay,Clear,Muddy,Day,1783.9,2.0,48,85.2,2,0,4.0,9.5,0,Fastened,31.5,None,No,138,189,No,No,None,None,None
2025-06-10 10:00:00,LOD001,Loader,OP1003,10,Expert,4.4,T00976,Demolition,Zone D,Clay,Dust,Wet,Day,1751.5,1.4,76,92.2,12,30,8.4,4.5,0,Fastened,8.1,None,No,138,153,No,No,None,None,None
2025-06-10 12:00:00,EXC002,Excavator,OP1004,9,Expert,7.4,T00965,Backfilling,Zone D,Gravel,Fog,Dry,Day,1622.4,2.4,84,136.9,12,15,2.1,6.7,2,Fastened,45.0,None,No,60,60,No,No,None,None,Overheating
2025-06-10 12:00:00,EXC003,Excavator,OP1007,6,Expert,6.9,T00968,Backfilling,Zone C,Rock,Clear,Wet,Day,1680.2,1.9,45,83.0,12,0,5.4,9.8,0,Unfastened,30.7,None,No,81,81,Yes,No,None,None,None
2025-06-10 12:00:00,EXC005,Excavator,OP1008,5,Certified,7.4,T00975,Truck Loading,Zone B,Rock,Clear,Wet,Day,1784.6,1.8,51,85.5,2,50,7.4,13.7,1,Fastened,23.9,None,No,61,67,Yes,No,None,None,Excessive Idling
2025-06-10 14:00:00,EXC001,Excavator,OP1006,0,Trainee,8.7,T00962,Grading,Zone C,Rock,Fog,Dry,Day,1760.6,1.9,64,91.4,5,25,5.0,6.5,1,Fastened,34.0,None,No,101,127,No,No,None,None,None
2025-06-10 14:00:00,LOD003,Loader,OP1002,1,Certified,8.0,T00983,Grading,Zone A,Sand,Clear,Muddy,Day,1647.4,1.0,45,85.0,10,10,8.6,6.6,0,Fastened,1.3,Person,Yes,68,81,Yes,Yes,Near Miss,Medium,None
2025-06-10 16:00:00,LOD001,Loader,OP1003,10,Expert,11.1,T00977,Backfilling,Zone C,Sand,Clear,Dry,Day,1752.5,1.8,47,84.2,8,45,2.9,7.7,1,Fastened,18.4,None,No,54,51,Yes,No,None,None,Excessive Idling
2025-06-10 18:00:00,EXC004,Excavator,OP1001,5,Certified,0.7,T00971,Trenching,Zone C,Rock,Rain,Dry,Night,1664.0,3.6,49,87.4,2,5,1.5,11.4,0,Fastened,24.9,None,No,122,164,No,No,None,None,None
2025-06-10 20:00:00,EXC002,Excavator,OP1004,9,Expert,2.9,T00966,Truck Loading,Zone D,Rock,Dust,Dry,Night,1625.7,4.0,43,123.8,0,25,9.0,6.1,1,Fastened,31.9,None,No,61,71,Yes,Yes,Near Miss,Low,Overheating
2025-06-10 20:00:00,EXC003,Excavator,OP1007,6,Expert,3.1,T00969,Grading,Zone C,Clay,Clear,Dry,Night,1681.6,1.9,65,90.7,8,10,2.5,11.0,0,Fastened,7.9,None,No,86,76,No,No,None,None,None
2025-06-10 20:00:00,EXC004,Excavator,OP1001,5,Certified,3.0,T00972,Grading,Zone D,Rock,Clear,Dry,Night,1664.8,1.8,54,84.8,10,45,5.1,14.0,3,Unfastened,26.9,None,No,101,107,Yes,Yes,Near Miss,Medium,Excessive Idling
2025-06-10 20:00:00,LOD001,Loader,OP1003,10,Expert,3.0,T00978,Grading,Zone D,Sand,Clear,Dry,Night,1753.9,1.8,54,86.5,2,25,5.3,2.7,1,Fastened,22.2,None,No,68,73,No,No,None,None,None
2025-06-10 20:00:00,LOD002,Loader,OP1005,9,Expert,3.5,T00981,Demolition,Zone B,Clay,Clear,Dry,Night,1798.1,2.6,50,86.5,15,50,3.4,9.4,1,Unfastened,20.6,None,No,138,145,Yes,Yes,Collision,Low,Excessive Idling
2025-06-10 20:00:00,LOD003,Loader,OP1002,1,Certified,2.7,T00984,Demolition,Zone C,Clay,Rain,Wet,Night,1649.1,2.3,45,81.2,12,40,4.2,9.3,0,Fastened,19.9,None,No,138,218,No,No,None,None,None
2025-06-10 22:00:00,EXC001,Excavator,OP1006,0,Trainee,5.0,T00963,Demolition,Zone C,Rock,Clear,Dry,Night,1761.6,1.5,70,89.9,10,10,2.0,7.9,1,Fastened,28.2,None,No,162,248,No,No,None,None,None
2025-06-11 06:00:00,EXC001,Excavator,OP1007,6,Expert,1.5,T00985,Trenching,Zone B,Sand,Clear,Dry,Day,1764.0,2.8,34,80.9,8,20,1.6,10.5,0,Fastened,58.6,None,No,81,72,No,No,None,None,None
2025-06-11 06:00:00,EXC002,Excavator,OP1006,0,Trainee,0.3,T00988,Demolition,Zone A,Sand,Clear,Dry,Day,1626.5,1.5,64,130.1,12,30,5.9,10.4,1,Fastened,59.8,None,No,108,137,No,No,None,None,Overheating
2025-06-11 06:00:00,LOD002,Loader,OP1005,9,Expert,0.2,T01003,Trenching,Zone C,Gravel,Clear,Dry,Day,1799.7,1.8,46,81.3,0,20,1.2,10.6,1,Fastened,4.6,None,No,90,73,Yes,Yes,Collision,Low,None
2025-06-11 08:00:00,EXC003,Excavator,OP1003,10,Expert,3.3,T00991,Grading,Zone C,Rock,Clear,Wet,Day,1683.5,2.7,50,82.1,0,35,5.2,8.2,0,Unfastened,7.9,None,No,101,107,Yes,Yes,Near Miss,High,None
2025-06-11 08:00:00,EXC005,Excavator,OP1008,5,Certified,2.1,T00997,Trenching,Zone B,Gravel,Clear,Dry,Day,1786.3,3.2,65,88.0,12,60,7.3,2.0,0,Unfastened,9.1,None,No,90,99,Yes,No,None,None,Excessive Idling
2025-06-11 10:00:00,EXC003,Excavator,OP1003,10,Expert,5.4,T00992,Truck Loading,Zone A,Sand,Fog,Dry,Day,1685.3,3.2,58,84.6,8,55,0.1,11.2,0,Unfastened,22.9,None,No,40,34,Yes,No,None,None,Excessive Idling
2025-06-11 10:00:00,EXC004,Excavator,OP1004,9,Expert,5.3,T00994,Demolition,Zone D,Clay,Clear,Dry,Day,1666.8,3.6,64,92.1,10,60,5.5,4.6,0,Fastened,41.9,None,No,138,134,Yes,No,None,None,Excessive Idling
2025-06-11 14:00:00,EXC001,Excavator,OP1007,6,Expert,9.4,T00986,Trenching,Zone D,Gravel,Clear,Muddy,Day,1767.4,4.4,70,90.5,10,10,3.7,4.1,0,Fastened,46.1,None,No,90,88,No,No,None,None,None
2025-06-11 14:00:00,EXC004,Excavator,OP1004,9,Expert,8.4,T00995,Trenching,Zone B,Sand,Fog,Dry,Day,1668.0,1.7,42,84.4,8,25,4.0,7.2,0,Fastened,59.7,None,No,81,67,No,No,None,None,None
2025-06-11 14:00:00,LOD001,Loader,OP1001,5,Certified,8.7,T01000,Truck Loading,Zone B,Clay,Dust,Dry,Day,1756.2,2.3,66,92.3,8,0,2.5,12.0,0,Fastened,22.9,None,No,52,60,No,No,None,None,None
2025-06-11 16:00:00,EXC001,Excavator,OP1007,6,Expert,11.0,T00987,Trenching,Zone B,Gravel,Fog,Dry,Day,1769.2,2.6,76,92.7,10,15,4.0,8.8,0,Fastened,12.6,None,No,90,77,No,No,None,None,None
2025-06-11 16:00:00,EXC002,Excavator,OP1006,0,Trainee,10.4,T00989,Demolition,Zone C,Clay,Clear,Dry,Day,1628.3,3.1,57,125.5,8,50,2.4,13.7,1,Fastened,45.7,None,No,138,180,Yes,Yes,Collision,Medium,Excessive Idling
2025-06-11 16:00:00,LOD001,Loader,OP1001,5,Certified,10.1,T01001,Demolition,Zone C,Gravel,Dust,Dry,Day,1757.6,2.0,69,90.0,10,30,7.6,5.6,0,Fastened,20.5,None,No,120,122,No,No,None,None,None
2025-06-11 18:00:00,EXC005,Excavator,OP1008,5,Certified,1.1,T00998,Truck Loading,Zone D,Gravel,Fog,Muddy,Night,1787.7,2.4,88,93.7,15,25,7.1,6.2,1,Fastened,5.2,None,No,45,60,No,No,None,None,None
2025-06-11 18:00:00,LOD002,Loader,OP1005,9,Expert,0.9,T01004,Demolition,Zone A,Gravel,Rain,Muddy,Night,1801.1,1.4,64,92.1,8,0,0.7,12.5,1,Unfastened,3.4,None,No,120,178,Yes,No,None,None,None
2025-06-11 18:00:00,LOD003,Loader,OP1002,1,Certified,1.1,T01006,Truck Loading,Zone A,Clay,Clear,Dry,Night,1651.2,2.3,65,90.6,8,10,10.1,2.8,1,Fastened,31.1,None,No,52,61,No,No,None,None,None
2025-06-11 20:00:00,EXC002,Excavator,OP1006,0,Trainee,3.5,T00990,Grading,Zone D,Clay,Rain,Muddy,Night,1630.9,3.2,53,129.7,8,15,7.9,9.5,0,Fastened,12.8,None,No,86,157,No,No,None,None,Overheating
2025-06-11 20:00:00,EXC004,Excavator,OP1004,9,Expert,3.0,T00996,Trenching,Zone B,Gravel,Rain,Dry,Night,1669.0,1.3,52,87.0,8,10,2.6,11.5,1,Fastened,33.1,None,No,90,89,No,No,None,None,None
2025-06-11 20:00:00,EXC005,Excavator,OP1008,5,Certified,3.0,T00999,Backfilling,Zone A,Gravel,Rain,Dry,Night,1789.5,2.1,62,90.4,5,0,6.2,16.8,2,Fastened,27.8,None,No,60,70,No,No,None,None,Overspeed
2025-06-11 20:00:00,LOD001,Loader,OP1001,5,Certified,2.2,T01002,Grading,Zone A,Sand,Clear,Dry,Night,1758.6,1.0,70,92.9,8,0,4.4,6.8,1,Fastened,31.2,None,No,68,74,No,No,None,None,None
2025-06-11 20:00:00,LOD003,Loader,OP1002,1,Certified,2.1,T01007,Truck Loading,Zone B,Gravel,Fog,Wet,Night,1653.0,1.9,40,80.1,12,20,2.3,5.8,1,Fastened,26.1,None,No,45,66,No,No,None,None,None
2025-06-11 22:00:00,EXC003,Excavator,OP1003,10,Expert,4.0,T00993,Demolition,Zone B,Clay,Clear,Dry,Night,1687.1,3.2,52,86.2,1,60,8.2,7.5,0,Fastened,33.6,None,No,138,141,Yes,No,None,None,Excessive Idling
2025-06-11 22:00:00,LOD002,Loader,OP1005,9,Expert,4.9,T01005,Grading,Zone B,Rock,Clear,Dry,Night,1802.8,2.5,51,86.1,5,50,1.6,2.1,2,Fastened,27.9,None,No,101,90,Yes,No,None,None,Excessive Idling
2025-06-11 22:00:00,LOD003,Loader,OP1002,1,Certified,5.0,T01008,Truck Loading,Zone A,Sand,Clear,Dry,Night,1653.6,1.2,59,87.8,1,30,10.3,8.6,1,Fastened,19.2,None,No,40,52,No,No,None,None,None
2025-06-12 06:00:00,EXC004,Excavator,OP1004,9,Expert,0.6,T01018,Trenching,Zone C,Rock,Clear,Dry,Day,1669.9,2.1,44,83.3,8,55,8.9,5.6,2,Fastened,59.5,None,No,122,105,Yes,Yes,Collision,Low,Excessive Idling
2025-06-12 06:00:00,LOD001,Loader,OP1002,1,Certified,0.5,T01024,Truck Loading,Zone C,Gravel,Rain,Muddy,Day,1760.7,2.1,58,87.0,12,5,8.8,7.3,1,Fastened,34.2,None,No,45,66,No,No,None,None,None
2025-06-12 08:00:00,EXC001,Excavator,OP1001,5,Certified,3.3,T01009,Backfilling,Zone D,Gravel,Clear,Wet,Day,1769.9,1.1,78,92.8,10,10,5.9,8.1,2,Fastened,59.6,None,No,60,61,No,No,None,None,None
2025-06-12 08:00:00,EXC003,Excavator,OP1006,0,Trainee,3.3,T01015,Demolition,Zone C,Gravel,Clear,Dry,Day,1687.9,1.3,53,88.2,2,20,0,9.4,2,Unfastened,56.4,None,No,120,155,Yes,Yes,Tip-over Risk,Low,None
2025-06-12 08:00:00,EXC005,Excavator,OP1003,10,Expert,2.8,T01021,Truck Loading,Zone C,Clay,Rain,Dry,Day,1791.2,3.2,57,84.5,5,60,2.6,4.5,0,Fastened,22.1,None,No,52,55,Yes,No,None,None,Excessive Idling
2025-06-12 08:00:00,LOD002,Loader,OP1008,5,Certified,2.8,T01027,Truck Loading,Zone C,Rock,Fog,Dry,Day,1803.7,1.9,86,94.2,8,45,2.2,10.7,1,Fastened,34.1,None,No,61,64,Yes,Yes,Near Miss,Medium,Excessive Idling
2025-06-12 10:00:00,EXC002,Excavator,OP1007,6,Expert,4.9,T01012,Backfilling,Zone A,Sand,Fog,Dry,Day,1631.4,1.1,37,125.0,12,30,9.6,10.2,0,Fastened,34.8,None,No,54,48,No,No,None,None,Overheating
2025-06-12 10:00:00,EXC004,Excavator,OP1004,9,Expert,4.0,T01019,Demolition,Zone C,Rock,Clear,Wet,Day,1670.6,1.0,60,87.3,12,10,5.4,9.5,1,Fastened,5.1,None,No,162,167,No,No,None,None,None
2025-06-12 10:00:00,EXC005,Excavator,OP1003,10,Expert,5.3,T01022,Demolition,Zone B,Rock,Fog,Dry,Day,1793.0,2.4,46,80.9,5,25,6.5,10.0,1,Fastened,41.8,None,No,162,136,No,No,None,None,None
2025-06-12 10:00:00,LOD003,Loader,OP1005,9,Expert,5.2,T01030,Grading,Zone D,Rock,Clear,Dry,Day,1654.7,1.5,65,88.9,0,20,6.1,11.2,1,Fastened,51.1,None,No,101,81,Yes,No,None,None,None
2025-06-12 12:00:00,LOD001,Loader,OP1002,1,Certified,6.1,T01025,Grading,Zone B,Sand,Clear,Dry,Day,1763.9,2.9,36,82.0,12,15,0.3,7.4,2,Fastened,14.0,None,No,68,73,No,No,None,None,None
2025-06-12 12:00:00,LOD002,Loader,OP1008,5,Certified,6.3,T01028,Demolition,Zone A,Clay,Rain,Wet,Day,1806.2,2.6,61,89.1,5,10,1.4,9.9,0,Fastened,20.1,None,No,138,200,No,No,None,None,None
2025-06-12 12:00:00,LOD003,Loader,OP1005,9,Expert,7.2,T01031,Demolition,Zone A,Rock,Clear,Dry,Day,1655.5,1.2,68,92.0,10,20,3.5,9.5,1,Fastened,29.4,None,No,162,152,No,No,None,None,None
2025-06-12 14:00:00,EXC001,Excavator,OP1001,5,Certified,8.2,T01010,Backfilling,Zone D,Rock,Clear,Muddy,Day,1770.8,1.8,70,93.6,10,35,5.6,18.9,2,Fastened,48.1,None,No,81,102,No,No,None,None,Overspeed
2025-06-12 14:00:00,EXC005,Excavator,OP1003,10,Expert,8.8,T01023,Demolition,Zone D,Gravel,Rain,Muddy,Day,1796.5,4.7,37,81.4,10,60,2.9,8.1,0,Fastened,9.7,None,No,120,153,Yes,No,None,None,Excessive Idling
2025-06-12 16:00:00,EXC001,Excavator,OP1001,5,Certified,10.5,T01011,Demolition,Zone B,Gravel,Rain,Dry,Day,1772.2,2.4,54,88.6,10,40,6.0,5.3,0,Fastened,30.9,None,No,120,153,No,No,None,None,None
2025-06-12 16:00:00,EXC003,Excavator,OP1006,0,Trainee,10.7,T01016,Backfilling,Zone B,Clay,Dust,Dry,Day,1689.9,3.2,76,95.6,10,30,6.6,7.3,1,Unfastened,12.8,None,No,69,92,Yes,No,None,None,None
2025-06-12 18:00:00,EXC002,Excavator,OP1007,6,Expert,0.4,T01013,Demolition,Zone A,Sand,Clear,Dry,Night,1633.7,3.3,55,129.7,12,35,0,7.0,0,Fastened,15.7,None,No,108,108,No,No,None,None,Overheating
2025-06-12 18:00:00,EXC004,Excavator,OP1004,9,Expert,0.9,T01020,Trenching,Zone B,Sand,Clear,Dry,Night,1673.9,4.3,56,86.6,8,25,7.6,8.6,1,Fastened,31.8,None,No,81,80,No,No,None,None,None
2025-06-12 18:00:00,LOD003,Loader,OP1005,9,Expert,0.8,T01032,Demolition,Zone B,Sand,Clear,Wet,Night,1657.2,2.0,42,79.9,12,30,2.9,11.4,1,Fastened,31.1,None,No,108,121,No,No,None,None,None
2025-06-12 20:00:00,EXC002,Excavator,OP1007,6,Expert,2.9,T01014,Grading,Zone A,Gravel,Fog,Dry,Night,1635.5,3.0,58,127.7,5,45,1.8,8.7,2,Fastened,4.1,None,No,75,82,Yes,No,None,None,Excessive Idling
2025-06-12 22:00:00,EXC003,Excavator,OP1006,0,Trainee,4.6,T01017,Demolition,Zone D,Gravel,Clear,Wet,Night,1691.3,2.0,31,77.5,10,30,2.8,8.0,1,Unfastened,6.1,None,No,120,183,Yes,Yes,Near Miss,Low,None
2025-06-12 22:00:00,LOD001,Loader,OP1002,1,Certified,4.6,T01026,Grading,Zone C,Rock,Clear,Dry,Night,1766.6,2.8,64,90.4,15,10,2.4,9.7,1,Fastened,24.7,None,No,101,116,No,No,None,None,None
2025-06-12 22:00:00,LOD002,Loader,OP1008,5,Certified,4.9,T01029,Backfilling,Zone C,Gravel,Clear,Dry,Night,1808.0,2.2,52,85.3,12,25,4.4,5.2,0,Fastened,2.6,Structure,Yes,60,77,Yes,No,None,None,None
2025-06-13 06:00:00,EXC002,Excavator,OP1002,1,Certified,1.5,T01036,Backfilling,Zone C,Rock,Fog,Dry,Day,1638.5,3.7,58,131.4,2,15,8.5,3.6,2,Fastened,10.4,None,No,81,81,No,No,None,None,Overheating
2025-06-13 06:00:00,EXC004,Excavator,OP1006,0,Trainee,1.3,T01042,Truck Loading,Zone A,Gravel,Clear,Muddy,Day,1674.8,1.6,68,91.1,15,25,19.7,6.9,3,Fastened,14.9,None,No,45,73,No,No,None,None,Unsafe Tilt
2025-06-13 06:00:00,EXC005,Excavator,OP1008,5,Certified,1.1,T01045,Grading,Zone C,Gravel,Fog,Dry,Day,1799.9,4.1,44,84.7,8,25,3.9,14.3,1,Fastened,42.0,None,No,75,74,No,No,None,None,None
2025-06-13 06:00:00,LOD001,Loader,OP1001,5,Certified,0.1,T01048,Demolition,Zone D,Gravel,Clear,Dry,Day,1769.1,2.9,54,88.4,1,30,4.8,6.8,0,Fastened,56.6,None,No,120,122,No,No,None,None,None
2025-06-13 06:00:00,LOD002,Loader,OP1007,6,Expert,0.2,T01051,Demolition,Zone A,Clay,Clear,Dry,Day,1808.6,1.1,63,88.1,5,25,9.0,9.4,0,Fastened,36.3,None,No,138,121,No,No,None,None,None
2025-06-13 08:00:00,EXC001,Excavator,OP1004,9,Expert,2.3,T01033,Truck Loading,Zone C,Clay,Clear,Wet,Day,1775.1,3.9,67,91.0,12,20,3.4,4.7,0,Fastened,25.7,None,No,52,52,No,No,None,None,None
2025-06-13 10:00:00,EXC004,Excavator,OP1006,0,Trainee,4.4,T01043,Truck Loading,Zone B,Sand,Fog,Dry,Day,1675.4,1.6,43,85.1,12,50,6.0,11.6,1,Fastened,14.0,None,No,40,52,Yes,Yes,Tip-over Risk,Medium,Excessive Idling
2025-06-13 12:00:00,EXC001,Excavator,OP1004,9,Expert,6.1,T01034,Demolition,Zone A,Sand,Dust,Dry,Day,1776.7,1.9,61,86.2,8,0,4.3,6.4,0,Fastened,59.4,None,No,108,99,No,No,None,None,None
2025-06-13 12:00:00,LOD002,Loader,OP1007,6,Expert,7.3,T01052,Grading,Zone B,Sand,Clear,Dry,Day,1811.1,2.9,54,84.8,12,30,5.1,5.9,1,Fastened,35.4,None,No,68,56,No,No,None,None,None
2025-06-13 14:00:00,EXC002,Excavator,OP1002,1,Certified,9.4,T01037,Backfilling,Zone A,Sand,Clear,Muddy,Day,1641.0,2.7,49,128.1,5,0,4.5,5.7,0,Fastened,11.3,None,No,54,74,No,No,None,None,Overheating
2025-06-13 14:00:00,EXC003,Excavator,OP1003,10,Expert,8.1,T01039,Grading,Zone D,Clay,Clear,Dry,Day,1693.7,3.0,48,84.8,2,20,4.9,9.2,0,Fastened,46.0,None,No,86,66,No,No,None,None,None
2025-06-13 14:00:00,LOD003,Loader,OP1005,9,Expert,9.3,T01054,Grading,Zone A,Sand,Rain,Dry,Day,1660.6,3.8,47,86.2,5,40,6.7,11.3,2,Unfastened,55.5,None,No,68,64,Yes,Yes,Tip-over Risk,Low,None
2025-06-13 16:00:00,EXC003,Excavator,OP1003,10,Expert,11.0,T01040,Trenching,Zone B,Gravel,Rain,Wet,Day,1695.4,2.4,66,90.0,10,20,0,6.5,0,Unfastened,48.9,None,No,90,94,Yes,No,None,None,None
2025-06-13 16:00:00,EXC005,Excavator,OP1008,5,Certified,10.7,T01046,Truck Loading,Zone C,Sand,Clear,Dry,Day,1802.1,2.9,44,80.6,8,25,3.6,8.5,1,Fastened,18.1,None,No,40,44,No,No,None,None,None
2025-06-13 16:00:00,LOD002,Loader,OP1007,6,Expert,10.7,T01053,Backfilling,Zone C,Sand,Rain,Dry,Day,1813.0,2.1,57,88.7,2,20,8.0,9.3,1,Fastened,20.6,None,No,54,56,No,No,None,None,None
2025-06-13 18:00:00,EXC001,Excavator,OP1004,9,Expert,0.9,T01035,Demolition,Zone A,Clay,Clear,Dry,Night,1778.4,2.5,61,89.1,10,25,3.8,8.4,0,Fastened,15.2,None,No,138,147,No,No,None,None,None
2025-06-13 18:00:00,EXC002,Excavator,OP1002,1,Certified,0.1,T01038,Grading,Zone C,Clay,Rain,Dry,Night,1644.1,4.4,86,137.6,8,15,2.8,10.7,0,Fastened,12.8,None,No,86,107,No,No,None,None,Overheating
2025-06-13 18:00:00,EXC004,Excavator,OP1006,0,Trainee,0.5,T01044,Backfilling,Zone C,Gravel,Clear,Dry,Night,1678.6,4.4,75,91.3,10,15,1.3,9.2,2,Fastened,12.1,None,No,60,76,No,No,None,None,None
2025-06-13 18:00:00,LOD003,Loader,OP1005,9,Expert,0.3,T01055,Backfilling,Zone C,Sand,Rain,Dry,Night,1662.8,2.6,29,76.6,15,40,9.4,6.3,1,Fastened,33.7,None,No,54,56,No,No,None,None,None
2025-06-13 20:00:00,LOD001,Loader,OP1001,5,Certified,3.1,T01049,Trenching,Zone B,Clay,Clear,Dry,Night,1769.6,1.7,50,86.2,12,60,2.5,9.4,0,Fastened,10.9,None,No,103,119,Yes,Yes,Collision,Low,Excessive Idling
2025-06-13 20:00:00,LOD003,Loader,OP1005,9,Expert,3.1,T01056,Truck Loading,Zone C,Gravel,Clear,Wet,Night,1664.6,2.5,55,86.0,5,40,8.9,7.8,0,Fastened,8.9,None,No,45,47,No,No,None,None,None
2025-06-13 22:00:00,EXC003,Excavator,OP1003,10,Expert,4.5,T01041,Trenching,Zone B,Rock,Clear,Muddy,Night,1698.7,4.1,54,85.7,8,20,0,18.3,2,Fastened,29.3,None,No,122,145,No,No,None,None,Overspeed
2025-06-13 22:00:00,EXC005,Excavator,OP1008,5,Certified,4.1,T01047,Demolition,Zone A,Gravel,Clear,Wet,Night,1803.2,1.2,57,84.7,15,0,6.2,8.5,1,Fastened,34.1,None,No,120,153,No,No,None,None,Excessive Idling
2025-06-13 22:00:00,LOD001,Loader,OP1001,5,Certified,4.1,T01050,Grading,Zone B,Gravel,Clear,Muddy,Night,1771.0,1.4,54,84.0,12,5,3.4,17.0,4,Fastened,24.1,None,No,75,105,No,No,None,None,Overspeed
2025-06-14 06:00:00,EXC003,Excavator,OP1001,5,Certified,0.2,T01063,Truck Loading,Zone C,Gravel,Clear,Dry,Day,1702.1,4.2,60,87.9,1,15,5.5,12.7,1,Fastened,33.2,None,No,45,42,No,No,None,None,None
2025-06-14 06:00:00,LOD002,Loader,OP1006,0,Trainee,0.3,T01075,Backfilling,Zone B,Gravel,Fog,Dry,Day,1815.5,2.5,49,84.7,5,15,7.5,20.3,1,Fastened,44.5,None,No,60,79,No,No,None,None,Overspeed
2025-06-14 08:00:00,EXC002,Excavator,OP1004,9,Expert,2.5,T01060,Trenching,Zone D,Clay,Clear,Dry,Day,1646.4,2.8,51,127.9,0,15,1.2,8.1,0,Fastened,17.0,None,No,103,96,No,No,None,None,Overheating
2025-06-14 08:00:00,EXC005,Excavator,OP1008,5,Certified,3.1,T01069,Grading,Zone C,Clay,Clear,Dry,Day,1804.8,2.4,89,94.4,0,10,5.0,10.9,0,Unfastened,51.8,None,No,86,78,Yes,Yes,Tip-over Risk,Low,None
2025-06-14 08:00:00,LOD001,Loader,OP1005,9,Expert,3.0,T01072,Grading,Zone C,Sand,Dust,Muddy,Day,1774.0,2.9,27,75.1,2,30,1.3,7.0,2,Fastened,29.9,None,No,68,89,No,No,None,None,None
2025-06-14 08:00:00,LOD002,Loader,OP1006,0,Trainee,3.3,T01076,Backfilling,Zone C,Clay,Clear,Dry,Day,1817.3,1.7,59,86.7,8,0,5.4,8.5,2,Unfastened,5.9,None,No,69,87,Yes,Yes,Collision,Low,None
2025-06-14 10:00:00,EXC003,Excavator,OP1001,5,Certified,4.1,T01064,Trenching,Zone D,Clay,Clear,Muddy,Day,1705.0,4.4,80,97.0,1,35,2.5,2.1,1,Unfastened,33.8,None,No,103,142,Yes,No,None,None,None
2025-06-14 10:00:00,LOD001,Loader,OP1005,9,Expert,4.9,T01073,Truck Loading,Zone B,Clay,Dust,Dry,Day,1775.8,1.6,48,87.1,12,0,10.9,10.4,1,Fastened,18.7,None,No,52,44,No,No,None,None,None
2025-06-14 10:00:00,LOD002,Loader,OP1006,0,Trainee,4.6,T01077,Grading,Zone B,Clay,Clear,Wet,Day,1819.1,2.3,48,85.1,2,35,3.8,7.6,1,Unfastened,11.6,None,No,86,117,Yes,No,None,None,None
2025-06-14 12:00:00,EXC001,Excavator,OP1002,1,Certified,6.7,T01057,Trenching,Zone B,Rock,Clear,Dry,Day,1779.0,1.6,62,88.8,2,45,5.0,4.2,1,Fastened,9.3,None,No,122,124,Yes,No,None,None,Excessive Idling
2025-06-14 12:00:00,EXC002,Excavator,OP1004,9,Expert,6.7,T01061,Backfilling,Zone C,Sand,Clear,Dry,Day,1648.9,3.7,53,132.6,10,45,9.8,5.9,1,Fastened,33.1,None,No,54,42,Yes,Yes,Near Miss,High,Excessive Idling
2025-06-14 12:00:00,EXC003,Excavator,OP1001,5,Certified,6.2,T01065,Backfilling,Zone C,Gravel,Clear,Dry,Day,1706.8,2.8,72,91.7,12,30,4.4,7.1,1,Fastened,47.5,None,No,60,64,No,No,None,None,None
2025-06-14 12:00:00,LOD001,Loader,OP1005,9,Expert,7.4,T01074,Backfilling,Zone D,Rock,Clear,Muddy,Day,1777.1,1.1,36,81.5,0,0,17.2,3.3,5,Unfastened,40.7,None,No,81,80,Yes,Yes,Tip-over Risk,Low,Unsafe Tilt
2025-06-14 14:00:00,EXC004,Excavator,OP1003,10,Expert,9.5,T01066,Backfilling,Zone C,Clay,Clear,Wet,Day,1681.1,3.1,53,84.9,5,15,3.8,4.2,1,Fastened,4.9,None,No,69,60,No,No,None,None,None
2025-06-14 14:00:00,LOD003,Loader,OP1007,6,Expert,8.3,T01078,Grading,Zone B,Sand,Clear,Dry,Day,1667.3,3.1,46,82.9,1,35,9.5,6.8,1,Fastened,17.6,None,No,68,52,No,No,None,None,None
2025-06-14 16:00:00,EXC001,Excavator,OP1002,1,Certified,10.9,T01058,Trenching,Zone D,Gravel,Fog,Dry,Day,1779.9,1.2,50,82.9,12,15,7.2,8.9,0,Fastened,45.3,None,No,90,92,No,No,None,None,None
2025-06-14 16:00:00,LOD003,Loader,OP1007,6,Expert,11.4,T01079,Backfilling,Zone A,Rock,Clear,Dry,Day,1669.0,2.3,56,88.6,5,40,6.6,7.5,1,Fastened,38.8,None,No,81,70,No,No,None,None,None
2025-06-14 18:00:00,EXC001,Excavator,OP1002,1,Certified,1.2,T01059,Backfilling,Zone C,Sand,Clear,Dry,Night,1781.7,2.7,62,89.5,8,30,4.9,6.1,1,Fastened,16.6,None,No,54,63,No,No,None,None,None
2025-06-14 18:00:00,EXC002,Excavator,OP1004,9,Expert,0.9,T01062,Trenching,Zone A,Clay,Fog,Wet,Night,1651.5,2.5,27,121.6,12,0,4.0,12.9,2,Fastened,3.2,None,No,103,129,No,No,None,None,Overheating
2025-06-14 18:00:00,EXC005,Excavator,OP1008,5,Certified,0.2,T01070,Backfilling,Zone A,Rock,Rain,Muddy,Night,1805.3,0.7,66,87.8,2,5,7.6,10.1,1,Fastened,8.7,None,No,81,144,No,No,None,None,None
2025-06-14 20:00:00,EXC004,Excavator,OP1003,10,Expert,3.2,T01067,Grading,Zone D,Sand,Rain,Muddy,Night,1682.6,2.2,54,87.4,10,25,3.9,4.6,0,Unfastened,13.3,None,No,68,83,Yes,Yes,Collision,Low,None
2025-06-14 22:00:00,EXC004,Excavator,OP1003,10,Expert,4.9,T01068,Trenching,Zone A,Gravel,Clear,Wet,Night,1684.4,2.5,47,83.3,8,30,2.4,7.5,1,Fastened,26.2,None,No,90,102,No,No,None,None,None
2025-06-14 22:00:00,EXC005,Excavator,OP1008,5,Certified,4.3,T01071,Grading,Zone C,Clay,Clear,Muddy,Night,1807.5,3.0,52,84.2,8,30,4.6,8.0,0,Fastened,13.8,None,No,86,125,No,No,None,None,None
2025-06-14 22:00:00,LOD003,Loader,OP1007,6,Expert,4.2,T01080,Trenching,Zone A,Gravel,Dust,Dry,Night,1670.7,2.5,50,82.9,2,50,4.1,11.9,0,Fastened,3.7,None,No,90,95,Yes,No,None,None,Excessive Idling
